t,ok,ttft_ms,duration_ms,tokens_per_sec,replays,generation,error
1789304973.2546453,1,368.61,2929.43,2.731,0,4,
1789304973.3761919,1,486.87,3048.87,2.624,0,4,
1789304973.500522,1,605.9,3172.83,2.521,0,4,
1789304976.1906657,1,365.23,2931.04,2.729,0,4,
1789304976.3118858,1,366.82,2928.48,2.732,0,4,
1789304976.4333394,1,365.05,2927.74,2.732,0,4,
1789304979.1270149,1,366.45,2928.01,2.732,0,4,
1789304979.249803,1,369.42,2933.13,2.727,0,4,
1789304979.3705266,1,368.51,2929.85,2.731,0,4,
1789304982.0629358,1,365.18,2931.14,2.729,0,4,
1789304982.1854548,1,364.38,2928.01,2.732,0,4,
1789304982.3090227,1,365.82,2933.06,2.728,0,4,
1789304984.998414,1,366.22,2930.87,2.73,0,4,
1789304985.1223276,1,363.94,2927.79,2.732,0,4,
1789304985.2433374,1,365.67,2929.32,2.731,0,4,
1789304987.9315045,1,367.66,2927.52,2.733,0,4,
1789304988.0525498,1,364.39,2924.81,2.735,0,4,
1789304988.1755686,1,365.08,2927.57,2.733,0,4,
1789304990.943097,1,366.22,3007.36,2.66,0,4,
1789304991.1440644,1,367.6,3085.84,2.592,0,4,
1789304991.264958,1,366.18,3084.56,2.594,0,4,
1789304994.5162792,1,445.29,3568.36,2.242,0,4,
1789304994.7185018,1,446.47,3569.58,2.241,0,4,
1789304994.8409896,1,445.9,3570.99,2.24,0,4,
1789304998.0922909,1,446.32,3571.04,2.24,0,4,
1789304998.2942846,1,447.0,3570.36,2.241,0,4,
1789304998.4177194,1,444.8,3571.36,2.24,0,4,
1789305001.666648,1,445.88,3569.01,2.242,0,4,
1789305001.8694887,1,446.27,3565.85,2.244,0,4,
1789305001.9921625,1,450.04,3569.35,2.241,0,4,
1789305005.2445588,1,446.3,3572.66,2.239,0,4,
1789305005.4458368,1,449.34,3571.42,2.24,0,4,
1789305005.5679922,1,445.95,3569.42,2.241,0,4,
1789305008.8173714,1,445.72,3567.26,2.243,0,4,
1789305009.0163949,1,446.34,3565.73,2.244,0,4,
1789305009.140745,1,445.33,3568.33,2.242,0,4,
1789305012.388747,1,446.09,3565.56,2.244,0,4,
1789305012.5891492,1,447.9,3567.85,2.242,0,4,
1789305012.7116787,1,445.76,3564.19,2.245,0,4,
1789305015.9599903,1,445.74,3566.05,2.243,0,4,
1789305016.1607885,1,446.8,3566.7,2.243,0,4,
1789305016.2824879,1,445.1,3565.81,2.244,0,4,
1789305019.5310316,1,445.37,3565.54,2.244,0,4,
1789305019.731938,1,446.61,3566.11,2.243,0,4,
1789305019.8541255,1,447.37,3567.01,2.243,0,4,
1789305023.1066186,1,446.77,3571.25,2.24,0,4,
1789305023.3082645,1,447.98,3571.69,2.24,0,4,
1789305023.4321609,1,444.77,3571.42,2.24,0,4,
1789305026.6803973,1,446.24,3568.81,2.242,0,4,
1789305026.8833447,1,447.02,3569.43,2.241,0,4,
1789305027.0051126,1,444.1,3565.66,2.244,0,4,
1789305030.2665954,1,446.64,3581.69,2.234,0,4,
1789305030.468116,1,448.52,3579.71,2.235,0,4,
1789305030.590087,1,455.77,3577.64,2.236,0,4,
1789305033.8409746,1,445.81,3569.51,2.241,0,4,
1789305034.042457,1,446.75,3569.36,2.241,0,4,
1789305034.164324,1,445.39,3568.97,2.242,0,4,
1789305037.4157012,1,446.73,3568.34,2.242,0,4,
1789305037.614638,1,448.58,3567.2,2.243,0,4,
1789305037.7408535,1,446.47,3571.15,2.24,0,4,
1789305040.985604,1,445.73,3563.21,2.245,0,4,
1789305041.1860323,1,447.2,3564.63,2.244,0,4,
1789305041.309274,1,445.19,3562.95,2.245,0,4,
1789305044.55918,1,446.01,3568.14,2.242,0,4,
1789305044.7596285,1,447.14,3568.74,2.242,0,4,
1789305044.8816442,1,445.62,3567.21,2.243,0,4,
1789305048.1310458,1,445.34,3566.44,2.243,0,4,
1789305048.332678,1,446.59,3568.42,2.242,0,4,
1789305048.4542775,1,445.33,3567.11,2.243,0,4,
1789305051.5836017,1,446.03,3448.1,2.32,0,4,
1789305051.7049406,1,446.84,3367.85,2.375,0,4,
1789305051.8259153,1,445.37,3366.37,2.376,0,4,
1789305054.516596,1,365.53,2927.83,2.732,0,4,
1789305054.637362,1,364.65,2927.32,2.733,0,4,
1789305054.7600749,1,366.23,2929.48,2.731,0,4,
1789305057.4586992,1,365.07,2935.89,2.725,0,4,
1789305057.58468,1,366.62,2941.89,2.719,0,4,
1789305057.7105792,1,365.84,2944.82,2.717,0,4,
1789305060.40103,1,368.27,2932.98,2.728,0,4,
1789305060.5215337,1,365.29,2928.0,2.732,0,4,
1789305060.6448014,1,364.82,2928.8,2.731,0,4,
1789305063.3347483,1,366.42,2927.61,2.733,0,4,
1789305063.4567096,1,367.32,2929.91,2.73,0,4,
1789305063.577278,1,364.51,2927.13,2.733,0,4,
1789305066.2747998,1,365.33,2935.52,2.725,0,4,
1789305066.3972754,1,365.69,2934.77,2.726,0,4,
1789305066.5180619,1,367.63,2936.45,2.724,0,4,
1789305069.2099636,1,365.57,2929.27,2.731,0,4,
1789305069.332581,1,364.8,2930.01,2.73,0,4,
1789305069.4558823,1,366.5,2933.21,2.727,0,4,
1789305072.1441293,1,366.69,2929.12,2.731,0,4,
1789305072.266978,1,365.3,2928.7,2.732,0,4,
1789305072.3915615,1,364.6,2929.31,2.731,0,4,
