phase,context_length,component,metric,median,iqr,n_reps
prefill,128,layer_0,ms_per_token,0.26426138281249223,0.02537652148498637,20
prefill,128,layer_1,ms_per_token,0.26021500781234863,0.014306013671102846,20
prefill,128,layer_2,ms_per_token,0.26194924999981595,0.020063236328041967,20
prefill,128,layer_3,ms_per_token,0.2654091992180838,0.013667992187492928,20
prefill,128,layer_4,ms_per_token,0.26477211328119665,0.010908089843724156,20
prefill,128,layer_5,ms_per_token,0.2538031210938243,0.017058646484542805,20
prefill,128,layer_6,ms_per_token,0.25745785546860134,0.009606269531673206,20
prefill,128,layer_7,ms_per_token,0.2632688007820434,0.017051240234650322,20
prefill,128,layer_8,ms_per_token,0.25981585546878705,0.015531169921587207,20
prefill,128,layer_9,ms_per_token,0.25607350781274363,0.03472855663926566,20
prefill,128,layer_10,ms_per_token,0.266843226562969,0.018786699218026115,20
prefill,128,layer_11,ms_per_token,0.2599557773446577,0.00531697851545232,20
prefill,128,layer_12,ms_per_token,0.2617254296878855,0.014653054688324119,20
prefill,128,layer_13,ms_per_token,0.24723166796889018,0.005960908202723658,20
prefill,128,layer_14,ms_per_token,0.24846837109407716,0.010178931639984512,20
prefill,128,layer_15,ms_per_token,0.24992212890629162,0.00954375781248018,20
prefill,128,layer_16,ms_per_token,0.2603406132816417,0.03334672851644882,20
prefill,128,layer_17,ms_per_token,0.2619222343751062,0.01663669335812301,20
prefill,128,layer_18,ms_per_token,0.26847100390614287,0.009830501953047133,20
prefill,128,layer_19,ms_per_token,0.2690059726560321,0.012662261719469825,20
prefill,128,layer_20,ms_per_token,0.26996910937486973,0.022493269530173166,20
prefill,128,layer_21,ms_per_token,0.27322918749973724,0.01978071679718596,20
prefill,128,layer_22,ms_per_token,0.26947129296922867,0.014393958984555866,20
prefill,128,layer_23,ms_per_token,0.2648695156249232,0.011010931639702903,20
prefill,128,layer_24,ms_per_token,0.2645431757823644,0.01069438281388102,20
prefill,128,layer_25,ms_per_token,0.25586226171867565,0.01081651367064751,20
prefill,128,layer_26,ms_per_token,0.2568575585942199,0.008043751952072853,20
prefill,128,layer_27,ms_per_token,0.26849366406258923,0.008208763671746055,20
prefill,128,embed_tokens,ms_total_seq,0.22763199999462813,0.03829249997215811,20
prefill,128,lm_head,ms_total_seq,300.424010000017,15.887704750013654,20
prefill,128,TOTAL_WALL,ms_total_seq,1279.2931910000334,41.331350000051316,20
decode,128,layer_0,ms_per_layer,6.111988499935251,0.14183725000475533,20
decode,128,layer_1,ms_per_layer,5.742457999964245,0.10815949988318607,20
decode,128,layer_2,ms_per_layer,5.655731500068214,0.15259424998657778,20
decode,128,layer_3,ms_per_layer,5.572967499960214,0.13624799987883307,20
decode,128,layer_4,ms_per_layer,5.677677500061691,0.2081557500641793,20
decode,128,layer_5,ms_per_layer,5.350179000000935,0.19062650005798787,20
decode,128,layer_6,ms_per_layer,5.098296999989543,0.18071674997918308,20
decode,128,layer_7,ms_per_layer,5.617330499982927,0.23000925008091144,20
decode,128,layer_8,ms_per_layer,5.398020499909762,0.12332125013926998,20
decode,128,layer_9,ms_per_layer,5.127779999980703,0.14354274998186156,20
decode,128,layer_10,ms_per_layer,5.662142499990296,0.15159225001116283,20
decode,128,layer_11,ms_per_layer,5.554582499957178,0.20984700007829815,20
decode,128,layer_12,ms_per_layer,5.259589999972377,0.19518399980734102,20
decode,128,layer_13,ms_per_layer,4.7534204999683425,0.1747135000769049,20
decode,128,layer_14,ms_per_layer,5.053662499936763,0.15100624994374812,20
decode,128,layer_15,ms_per_layer,4.848859499965329,0.13133300017216243,20
decode,128,layer_16,ms_per_layer,5.375157999922521,0.17502375016920269,20
decode,128,layer_17,ms_per_layer,5.536083500017412,0.1837387501145713,20
decode,128,layer_18,ms_per_layer,5.697319000028074,0.2049204999639187,20
decode,128,layer_19,ms_per_layer,5.842638500034809,0.16074000002117828,20
decode,128,layer_20,ms_per_layer,5.863446000032127,0.22828800007118843,20
decode,128,layer_21,ms_per_layer,5.778655499976594,0.19853424991015345,20
decode,128,layer_22,ms_per_layer,5.89515949995257,0.1806942500115838,20
decode,128,layer_23,ms_per_layer,5.663438499963377,0.25285874999826774,20
decode,128,layer_24,ms_per_layer,5.525223000033293,0.2956577499571722,20
decode,128,layer_25,ms_per_layer,5.1538455000845715,0.13961000004201196,20
decode,128,layer_26,ms_per_layer,5.239298999949824,0.22517049996531568,20
decode,128,layer_27,ms_per_layer,5.892018999962602,0.19777275016531348,20
decode,128,embed_tokens,ms_per_token,0.08324399997945875,0.006682250008452684,20
decode,128,lm_head,ms_per_token,37.62867700000061,0.3906707500864286,20
decode,128,TOTAL_WALL,ms_per_token,195.58017349999864,3.5652792499458883,20
kv_cache,128,per_layer,bytes_per_token,8192.0,0,1
kv_cache,128,all_layers,bytes_per_token,229376.0,0,1
kv_cache,128,all_layers,bytes_total_measured,29360128,0,1
prefill,512,layer_0,ms_per_token,0.20801789453116726,0.00519489599599865,20
prefill,512,layer_1,ms_per_token,0.20954565527335944,0.005762144042989803,20
prefill,512,layer_2,ms_per_token,0.2092545302734834,0.007279165527563691,20
prefill,512,layer_3,ms_per_token,0.20894744433599044,0.0051764824222573225,20
prefill,512,layer_4,ms_per_token,0.20915833398453287,0.007271276367248447,20
prefill,512,layer_5,ms_per_token,0.20802618749996782,0.005309945800661353,20
prefill,512,layer_6,ms_per_token,0.20847236523445645,0.004118537597719296,20
prefill,512,layer_7,ms_per_token,0.2087390664061104,0.006400880859530389,20
prefill,512,layer_8,ms_per_token,0.20833559472669094,0.00659018994156213,20
prefill,512,layer_9,ms_per_token,0.2075823056641184,0.00323220019515702,20
prefill,512,layer_10,ms_per_token,0.20919263183600378,0.0036156870116315076,20
prefill,512,layer_11,ms_per_token,0.2101079003907671,0.005702599121093499,20
prefill,512,layer_12,ms_per_token,0.2089126025390442,0.00759407812495283,20
prefill,512,layer_13,ms_per_token,0.20548349902344398,0.00459255957031246,20
prefill,512,layer_14,ms_per_token,0.207319877929649,0.004573814941238652,20
prefill,512,layer_15,ms_per_token,0.2080891044922737,0.0053179379883090405,20
prefill,512,layer_16,ms_per_token,0.20798807617200055,0.0024191259765302675,20
prefill,512,layer_17,ms_per_token,0.2096897050781763,0.0033855590818916426,20
prefill,512,layer_18,ms_per_token,0.21048804785141328,0.004532721191310429,20
prefill,512,layer_19,ms_per_token,0.21101809667970883,0.004891083984546185,20
prefill,512,layer_20,ms_per_token,0.21047062304694464,0.007000824707006359,20
prefill,512,layer_21,ms_per_token,0.2098625634768041,0.00309830419928403,20
prefill,512,layer_22,ms_per_token,0.21019584277348713,0.0048360917969034745,20
prefill,512,layer_23,ms_per_token,0.20922387011705723,0.003635910156162936,20
prefill,512,layer_24,ms_per_token,0.21086323437486953,0.00817307080063756,20
prefill,512,layer_25,ms_per_token,0.20756157910147977,0.003910054687480624,20
prefill,512,layer_26,ms_per_token,0.20783751269539152,0.0043220302735562655,20
prefill,512,layer_27,ms_per_token,0.2107370156249999,0.0068402460939864795,20
prefill,512,embed_tokens,ms_total_seq,0.5293020000099204,0.030996749992482364,20
prefill,512,lm_head,ms_total_seq,779.7490485000308,10.233952500100713,20
prefill,512,TOTAL_WALL,ms_total_seq,3797.441566500056,47.43903874984244,20
decode,512,layer_0,ms_per_layer,6.638159499969333,0.18558549997396767,20
decode,512,layer_1,ms_per_layer,6.2817105000140145,0.14250225006253459,20
decode,512,layer_2,ms_per_layer,6.288674500014167,0.1678532500518486,20
decode,512,layer_3,ms_per_layer,6.1641059999819845,0.06645425001624972,20
decode,512,layer_4,ms_per_layer,6.367379000002984,0.1162060001224745,20
decode,512,layer_5,ms_per_layer,6.118410999944899,0.09032250003656372,20
decode,512,layer_6,ms_per_layer,5.837119000032544,0.11829324989230372,20
decode,512,layer_7,ms_per_layer,6.361322499986272,0.11879049998242408,20
decode,512,layer_8,ms_per_layer,6.030324999999721,0.1389562500116881,20
decode,512,layer_9,ms_per_layer,5.8965045000077225,0.1470125000923872,20
decode,512,layer_10,ms_per_layer,6.364546499971766,0.13973874982912093,20
decode,512,layer_11,ms_per_layer,6.3177689999574795,0.11431924998760223,20
decode,512,layer_12,ms_per_layer,5.99571750004543,0.1594735000107903,20
decode,512,layer_13,ms_per_layer,5.537875999987591,0.11208950006403029,20
decode,512,layer_14,ms_per_layer,5.839947000029497,0.14081175008323044,20
decode,512,layer_15,ms_per_layer,5.581037500000093,0.17544474996975623,20
decode,512,layer_16,ms_per_layer,5.9904130000504665,0.1912794999370817,20
decode,512,layer_17,ms_per_layer,6.251765499997418,0.215168250084389,20
decode,512,layer_18,ms_per_layer,6.369576000026427,0.25786525002331473,20
decode,512,layer_19,ms_per_layer,6.5578179999720305,0.2938092499389313,20
decode,512,layer_20,ms_per_layer,6.47403799998574,0.27773800009163097,20
decode,512,layer_21,ms_per_layer,6.474427499982994,0.21429825006634928,20
decode,512,layer_22,ms_per_layer,6.5940410000039265,0.1796987500274554,20
decode,512,layer_23,ms_per_layer,6.3628264999133535,0.1801387499726843,20
decode,512,layer_24,ms_per_layer,6.257554000010714,0.21948099992005154,20
decode,512,layer_25,ms_per_layer,5.802769500063732,0.1141077499196399,20
decode,512,layer_26,ms_per_layer,5.879312500008382,0.16785225010244176,20
decode,512,layer_27,ms_per_layer,11.527146999898832,0.6021822499751579,20
decode,512,embed_tokens,ms_per_token,0.07863800006452948,0.006522249954286963,20
decode,512,lm_head,ms_per_token,37.227657500014175,0.40570424997713417,20
decode,512,TOTAL_WALL,ms_per_token,219.20239300007233,2.5623917499906383,20
kv_cache,512,per_layer,bytes_per_token,8192.0,0,1
kv_cache,512,all_layers,bytes_per_token,229376.0,0,1
kv_cache,512,all_layers,bytes_total_measured,117440512,0,1
prefill,1024,layer_0,ms_per_token,0.1926182993163934,0.004627896240208429,20
prefill,1024,layer_1,ms_per_token,0.19207072949228632,0.0034939216308487175,20
prefill,1024,layer_2,ms_per_token,0.19197510156243425,0.0037621721191385404,20
prefill,1024,layer_3,ms_per_token,0.1925597548828364,0.004670778320331692,20
prefill,1024,layer_4,ms_per_token,0.19153425488281073,0.00466718554676504,20
prefill,1024,layer_5,ms_per_token,0.1924576743163584,0.005248402587795908,20
prefill,1024,layer_6,ms_per_token,0.19145247949217037,0.004932762207005226,20
prefill,1024,layer_7,ms_per_token,0.1931203662109624,0.003924530761736378,20
prefill,1024,layer_8,ms_per_token,0.1914479365234456,0.004051978759719077,20
prefill,1024,layer_9,ms_per_token,0.1911110576172632,0.002165785888649907,20
prefill,1024,layer_10,ms_per_token,0.19337587402344525,0.003946322509818856,20
prefill,1024,layer_11,ms_per_token,0.19232759521486287,0.0027878076171532484,20
prefill,1024,layer_12,ms_per_token,0.1911226293946129,0.0036912324218576487,20
prefill,1024,layer_13,ms_per_token,0.19016070849608013,0.004407677734405979,20
prefill,1024,layer_14,ms_per_token,0.19031342968747822,0.0029749287109552824,20
prefill,1024,layer_15,ms_per_token,0.19035890478517103,0.003325799804599683,20
prefill,1024,layer_16,ms_per_token,0.19095265917962934,0.004864617431621809,20
prefill,1024,layer_17,ms_per_token,0.19110817333984187,0.002604722900400702,20
prefill,1024,layer_18,ms_per_token,0.19121213720700325,0.0030534331053786445,20
prefill,1024,layer_19,ms_per_token,0.19367032568351306,0.0041995256347320264,20
prefill,1024,layer_20,ms_per_token,0.19272378222666475,0.0028313586425952053,20
prefill,1024,layer_21,ms_per_token,0.19132580761726103,0.0033364218751046337,20
prefill,1024,layer_22,ms_per_token,0.19171626171868184,0.0044396865234261895,20
prefill,1024,layer_23,ms_per_token,0.19161767382814787,0.003548269775336621,20
prefill,1024,layer_24,ms_per_token,0.19063388330079079,0.0033040815429501436,20
prefill,1024,layer_25,ms_per_token,0.19118031005854164,0.0040831484375019045,20
prefill,1024,layer_26,ms_per_token,0.1911665087890242,0.0034764279786259067,20
prefill,1024,layer_27,ms_per_token,0.19050162841790552,0.004072971679647708,20
prefill,1024,embed_tokens,ms_total_seq,0.8405979999806732,0.040001749905059114,20
prefill,1024,lm_head,ms_total_seq,1350.3599585000775,10.825296000082744,20
prefill,1024,TOTAL_WALL,ms_total_seq,6877.10024400003,100.64239200000884,20
decode,1024,layer_0,ms_per_layer,7.6084465000312775,0.11848674999782816,20
decode,1024,layer_1,ms_per_layer,7.330173000053037,0.20757699987734668,20
decode,1024,layer_2,ms_per_layer,7.368971999967471,0.15704049987834878,20
decode,1024,layer_3,ms_per_layer,7.178540499939118,0.27997950004646555,20
decode,1024,layer_4,ms_per_layer,7.298200999968685,0.3362055000034161,20
decode,1024,layer_5,ms_per_layer,6.937219500076026,0.19331675002467819,20
decode,1024,layer_6,ms_per_layer,6.723121000046376,0.17359625006793067,20
decode,1024,layer_7,ms_per_layer,7.252227999968454,0.19678575004218146,20
decode,1024,layer_8,ms_per_layer,6.880881000019144,0.17002699998556636,20
decode,1024,layer_9,ms_per_layer,6.732136999955401,0.1929364999232348,20
decode,1024,layer_10,ms_per_layer,7.287482499959879,0.18075274987495504,20
decode,1024,layer_11,ms_per_layer,7.195356500102207,0.20758850008132868,20
decode,1024,layer_12,ms_per_layer,6.990311000088695,0.2285510000656359,20
decode,1024,layer_13,ms_per_layer,6.469367999990936,0.23107975005405024,20
decode,1024,layer_14,ms_per_layer,6.708062999940012,0.2575077499204781,20
decode,1024,layer_15,ms_per_layer,6.501468000060413,0.251461499981815,20
decode,1024,layer_16,ms_per_layer,7.042102999985218,0.26452924995101057,20
decode,1024,layer_17,ms_per_layer,7.178148500039242,0.14858750000712462,20
decode,1024,layer_18,ms_per_layer,7.310839000041597,0.2204077501082793,20
decode,1024,layer_19,ms_per_layer,7.5163060001214035,0.21894575000624172,20
decode,1024,layer_20,ms_per_layer,7.516586499928962,0.2465374999155756,20
decode,1024,layer_21,ms_per_layer,7.399224999942817,0.21745075003127567,20
decode,1024,layer_22,ms_per_layer,7.3864145000698045,0.19371299998601899,20
decode,1024,layer_23,ms_per_layer,7.173100000014529,0.10476475008181296,20
decode,1024,layer_24,ms_per_layer,6.934476999973413,0.1435527497669682,20
decode,1024,layer_25,ms_per_layer,6.683862999896519,0.1182705000101123,20
decode,1024,layer_26,ms_per_layer,6.818174500076566,0.19637774996226653,20
decode,1024,layer_27,ms_per_layer,13.41367999999784,0.3761387500271667,20
decode,1024,embed_tokens,ms_per_token,0.08215899998322129,0.005130999954417348,20
decode,1024,lm_head,ms_per_token,36.86658949998673,0.5904895000567194,20
decode,1024,TOTAL_WALL,ms_per_token,245.11337550001917,4.014569749851944,20
kv_cache,1024,per_layer,bytes_per_token,8192.0,0,1
kv_cache,1024,all_layers,bytes_per_token,229376.0,0,1
kv_cache,1024,all_layers,bytes_total_measured,234881024,0,1
prefill,2048,layer_0,ms_per_token,0.21069166772457493,0.001568632568350381,20
prefill,2048,layer_1,ms_per_token,0.21101726660151598,0.00574504772943385,20
prefill,2048,layer_2,ms_per_token,0.2101994179687381,0.0027734460448272102,20
prefill,2048,layer_3,ms_per_token,0.21062753540036283,0.003518328857438746,20
prefill,2048,layer_4,ms_per_token,0.21024881884761726,0.0037778416747755728,20
prefill,2048,layer_5,ms_per_token,0.21130386718749605,0.004966118896504668,20
prefill,2048,layer_6,ms_per_token,0.2097422468261243,0.003304786132815707,20
prefill,2048,layer_7,ms_per_token,0.2099680563965194,0.004480024414149852,20
prefill,2048,layer_8,ms_per_token,0.21026089501950196,0.003110783203084111,20
prefill,2048,layer_9,ms_per_token,0.21061627124024085,0.0033921180419582697,20
prefill,2048,layer_10,ms_per_token,0.20952789868164245,0.0029646025390377417,20
prefill,2048,layer_11,ms_per_token,0.20964306811515598,0.0019855577393173007,20
prefill,2048,layer_12,ms_per_token,0.21006939965815263,0.004462092163123543,20
prefill,2048,layer_13,ms_per_token,0.2099148959960928,0.0040102236328039,20
prefill,2048,layer_14,ms_per_token,0.20881472924804712,0.003933976196293543,20
prefill,2048,layer_15,ms_per_token,0.2102421672363164,0.002516019653299395,20
prefill,2048,layer_16,ms_per_token,0.2100939147949532,0.0036917822264825872,20
prefill,2048,layer_17,ms_per_token,0.21156793969728938,0.0024981361084712717,20
prefill,2048,layer_18,ms_per_token,0.21022748388679702,0.004994564697270221,20
prefill,2048,layer_19,ms_per_token,0.21051694824217293,0.003564127685621088,20
prefill,2048,layer_20,ms_per_token,0.20959904931638107,0.0014014149170691326,20
prefill,2048,layer_21,ms_per_token,0.2116079260253798,0.0024692731933697587,20
prefill,2048,layer_22,ms_per_token,0.21115027612307813,0.0016457047118194623,20
prefill,2048,layer_23,ms_per_token,0.21043312133784298,0.0020046730957545833,20
prefill,2048,layer_24,ms_per_token,0.20967382373044074,0.004431322997945131,20
prefill,2048,layer_25,ms_per_token,0.20989059399417442,0.0022606464843022422,20
prefill,2048,layer_26,ms_per_token,0.21046298828130716,0.0035804888916146638,20
prefill,2048,layer_27,ms_per_token,0.2112388178711342,0.004548967529331094,20
prefill,2048,embed_tokens,ms_total_seq,1.3642394999042153,0.02857174986274913,20
prefill,2048,lm_head,ms_total_seq,2473.2099804999307,19.03712425008416,20
prefill,2048,TOTAL_WALL,ms_total_seq,14574.469750999939,123.34197049989598,20
decode,2048,layer_0,ms_per_layer,9.94581099995412,0.32337599992752075,20
decode,2048,layer_1,ms_per_layer,9.830910499906167,0.36643424996873364,20
decode,2048,layer_2,ms_per_layer,9.78172949992586,0.24070600036066025,20
decode,2048,layer_3,ms_per_layer,10.006586999981664,0.23433575010858476,20
decode,2048,layer_4,ms_per_layer,9.812983500072733,0.28862899995874614,20
decode,2048,layer_5,ms_per_layer,9.536629999871366,0.17398224980570376,20
decode,2048,layer_6,ms_per_layer,9.316840999759734,0.2171635000850074,20
decode,2048,layer_7,ms_per_layer,9.680459999945015,0.21528274996671826,20
decode,2048,layer_8,ms_per_layer,9.440359499887563,0.26113424985669553,20
decode,2048,layer_9,ms_per_layer,9.367338000214659,0.3263259999221191,20
decode,2048,layer_10,ms_per_layer,9.720429499866441,0.364026750146877,20
decode,2048,layer_11,ms_per_layer,9.707542500109412,0.3726552499574609,20
decode,2048,layer_12,ms_per_layer,9.4590994999744,0.48680950014386326,20
decode,2048,layer_13,ms_per_layer,8.886452000006102,0.2763930000946857,20
decode,2048,layer_14,ms_per_layer,9.178910499904305,0.18169549998128787,20
decode,2048,layer_15,ms_per_layer,9.008513000095263,0.20898850000230595,20
decode,2048,layer_16,ms_per_layer,9.374735999968834,0.1661714999936521,20
decode,2048,layer_17,ms_per_layer,9.591202500043437,0.14933274971554056,20
decode,2048,layer_18,ms_per_layer,9.492925000027753,0.22691199992550537,20
decode,2048,layer_19,ms_per_layer,9.694115999736823,0.23863599984906614,20
decode,2048,layer_20,ms_per_layer,9.717497000121512,0.2706772497622296,20
decode,2048,layer_21,ms_per_layer,9.603705499903299,0.5971445000031963,20
decode,2048,layer_22,ms_per_layer,9.551134999957867,0.33855124976253137,20
decode,2048,layer_23,ms_per_layer,9.472138999961317,0.24862925003981218,20
decode,2048,layer_24,ms_per_layer,9.253687000018544,0.32989450002787635,20
decode,2048,layer_25,ms_per_layer,9.112620999920182,0.19075025006895885,20
decode,2048,layer_26,ms_per_layer,9.148917499813251,0.2598515003337525,20
decode,2048,layer_27,ms_per_layer,16.375382500118576,0.6968744999030605,20
decode,2048,embed_tokens,ms_per_token,0.09053400007542223,0.004643500025849789,20
decode,2048,lm_head,ms_per_token,36.91723149991594,0.4256257501547225,20
decode,2048,TOTAL_WALL,ms_per_token,315.24502350005787,2.18450324999867,20
kv_cache,2048,per_layer,bytes_per_token,8192.0,0,1
kv_cache,2048,all_layers,bytes_per_token,229376.0,0,1
kv_cache,2048,all_layers,bytes_total_measured,469762048,0,1
