mode,workers,concurrency,windows,requests,failures,mean_tokens_per_s,min_tokens_per_s,max_tokens_per_s,mean_window_median_ttft_ms,mean_window_p95_ttft_ms,mean_window_median_completion_ms,pooled_median_client_completion_ms,pooled_p95_client_completion_ms,max_routing_wait_ms
pipeline,1,1,3,42,0,7.073347201348145,7.068516868666228,7.076683575257731,141.17333333333335,141.31333333333333,2259.5583333333334,,,
pipeline,1,2,3,42,0,7.13080068728845,7.130326571599032,7.131714124487829,279.2633333333333,279.7266666666667,4485.923333333333,,,
pipeline,1,4,3,48,0,7.130167665859936,7.129987531874062,7.130517286302561,559.6916666666666,560.1066666666667,8973.206666666667,,,
pipeline,2,1,3,42,0,6.989982141268903,6.960187027657954,7.005888479260728,142.825,145.23666666666665,2284.2799999999997,,,
pipeline,2,2,3,84,0,13.96670866782137,13.94918862839763,13.988334802379523,142.66666666666666,143.74333333333334,2284.4433333333336,,,
pipeline,2,4,3,84,0,14.198203124869082,14.194109913361915,14.20220468001703,279.9916666666667,281.53,4495.656666666667,,,
pipeline,3,1,3,41,0,6.935624677361289,6.929003043411681,6.940632333980701,144.45666666666668,145.01333333333332,2305.201666666667,,,
pipeline,3,2,3,82,0,13.839377953297756,13.76970730754392,13.876722421311403,144.46666666666667,148.98,2302.9666666666667,,,
pipeline,3,4,3,120,0,19.851939896877187,19.822386058342428,19.869692931272073,199.59333333333333,201.58666666666667,3210.713333333333,,,
replicas,1,1,3,42,0,7.0777067445819055,7.074431085843562,7.082228738193885,141.14166666666665,141.36333333333332,2259.0366666666664,,,
replicas,1,2,3,42,0,7.129482160231493,7.128190294884992,7.130547832749971,279.29166666666663,279.62666666666667,4486.155,,,
replicas,1,4,3,48,0,7.1144685712126465,7.0835337227207695,7.130007960153115,560.5966666666667,562.6633333333333,8992.381666666666,,,
replicas,2,1,3,42,0,7.075755641217799,7.075403874776766,7.076020308726682,141.30666666666667,141.55666666666667,2259.68,,,
replicas,2,2,3,84,0,14.138711310276795,14.137365173699516,14.140995764342136,141.38833333333332,142.04333333333332,2261.67,,,
replicas,2,4,3,84,0,14.26065129683032,14.260422362579419,14.260951344244287,279.04,280.4066666666667,4486.066666666667,,,
replicas,3,1,3,42,0,7.075308256354853,7.074571007778671,7.076455682420023,141.30666666666664,141.46333333333334,2259.795,,,
replicas,3,2,3,84,0,14.135053722018005,14.133352857492028,14.138232099320666,141.405,141.60666666666668,2261.916666666667,,,
replicas,3,4,3,93,0,14.988885759360095,14.967220804967573,15.03001205245795,147.45000000000002,422.3833333333333,4580.16,,,
