admission_window_s,observation_s,requests,successes,failures,completed_tokens_per_s_full_observation,completed_tokens_per_s_admission_window,median_ttft_ms,p95_ttft_ms,median_completion_ms,mode,workers,concurrency,repeat
30,31.689816146999874,14,14,0,7.068516868666228,6.933333333333334,141.15,141.24,2258.755,pipeline,1,1,1
30,31.40899874699994,14,14,0,7.131714124487829,6.4,279.315,279.52,4485.58,pipeline,1,2,1
30,35.904691117000084,16,16,0,7.129987531874062,6.4,559.76,559.97,8972.76,pipeline,1,4,1
30,31.628461644000026,14,14,0,7.082228738193885,6.933333333333334,141.085,141.2,2257.665,replicas,1,1,1
30,31.424525824000057,14,14,0,7.128190294884992,6.4,279.32,279.56,4485.99,replicas,1,2,1
30,36.14015405600003,16,16,0,7.0835337227207695,6.4,562.1600000000001,566.27,9029.32,replicas,1,4,1
30,32.18304322999984,14,14,0,6.960187027657954,6.933333333333334,143.015,149.03,2288.31,pipeline,2,1,1
30,32.026685543999974,28,28,0,13.988334802379523,13.866666666666667,142.43,143.1,2280.4300000000003,pipeline,2,2,1
30,31.54439821799997,28,28,0,14.20220468001703,12.8,280.19,280.51,4494.625,pipeline,2,4,1
30,31.65621213999998,14,14,0,7.076020308726682,6.933333333333334,141.345,141.59,2259.71,replicas,2,1,1
30,31.688159106000057,28,28,0,14.137772992788733,13.866666666666667,141.44,141.66,2261.825,replicas,2,2,1
30,31.414453999999978,28,28,0,14.260951344244287,12.8,279.21000000000004,280.42,4485.92,replicas,2,4,1
30,30.01874854100015,13,13,0,6.929003043411681,6.4,144.46,145.02,2307.08,pipeline,3,1,1
30,32.29595987399989,28,28,0,13.871704131037944,13.866666666666667,144.365,145.2,2301.9700000000003,pipeline,3,2,1
30,32.219510394999816,40,40,0,19.863740701017058,19.2,199.585,200.88,3210.535,pipeline,3,4,1
30,31.66269725100028,14,14,0,7.074571007778671,6.933333333333334,141.32999999999998,141.58,2259.995,replicas,3,1,1
30,31.698069418999694,28,28,0,14.133352857492028,13.866666666666667,141.37,141.52,2261.8450000000003,replicas,3,2,1
30,33.00063887299984,31,31,0,15.03001205245795,14.4,149.65,421.77,4486.95,replicas,3,4,1
30,31.697568497000248,28,28,0,14.133576209241324,13.866666666666667,141.445,141.69,2262.215,replicas,3,2,2
30,33.139084835000176,31,31,0,14.967220804967573,14.4,145.93,422.6,4626.5,replicas,3,4,2
30,31.661233491000075,14,14,0,7.074898078865864,6.933333333333334,141.325,141.38,2259.88,replicas,3,1,2
30,30.211244923999857,26,26,0,13.76970730754392,12.8,144.715,155.83,2305.775,pipeline,3,2,2
30,32.28672865699991,40,40,0,19.822386058342428,19.2,199.595,203.92,3211.7349999999997,pipeline,3,4,2
30,32.28950467899995,14,14,0,6.937238654691485,6.933333333333334,144.51,144.89,2304.8,pipeline,3,1,2
30,31.689073210999595,28,28,0,14.137365173699516,13.866666666666667,141.405,141.97,2261.885,replicas,2,2,2
30,31.41561929999989,28,28,0,14.260422362579419,12.8,278.89,280.35,4486.02,replicas,2,4,2
30,31.658970140000292,14,14,0,7.075403874776766,6.933333333333334,141.305,141.66,2259.91,replicas,2,1,2
30,32.08570878299997,28,28,0,13.96260257268696,13.866666666666667,142.86,143.49,2285.275,pipeline,2,2,2
30,31.553084852999746,28,28,0,14.1982947812283,12.8,280.14,283.09,4495.5650000000005,pipeline,2,4,2
30,31.973103863000233,14,14,0,7.005888479260728,6.933333333333334,142.75,142.92,2282.285,pipeline,2,1,2
30,31.41413608799985,14,14,0,7.130547832749971,6.4,279.28499999999997,279.46,4486.035,replicas,1,2,2
30,35.904588246,16,16,0,7.130007960153115,6.4,559.935,561.4,8973.79,replicas,1,4,2
30,31.65424336900014,14,14,0,7.076460409708269,6.933333333333334,141.14999999999998,141.57,2259.6899999999996,replicas,1,1,2
30,31.415110899999945,14,14,0,7.130326571599032,6.4,279.255,280.3,4486.295,pipeline,1,2,2
30,35.90202361499996,16,16,0,7.130517286302561,6.4,559.68,560.56,8973.225,pipeline,1,4,2
30,31.653245142000287,14,14,0,7.076683575257731,6.933333333333334,141.195,141.28,2259.715,pipeline,1,1,2
30,31.562387689999923,28,28,0,14.194109913361915,12.8,279.645,280.99,4496.78,pipeline,2,4,3
30,31.982314159999987,14,14,0,7.003870916888026,6.933333333333334,142.71,143.76,2282.245,pipeline,2,1,3
30,32.11656333100018,28,28,0,13.94918862839763,13.866666666666667,142.70999999999998,144.64,2287.625,pipeline,2,2,3
30,31.41527162500006,28,28,0,14.260580183667253,12.8,279.02,280.45,4486.26,replicas,2,4,3
30,31.657006553999963,14,14,0,7.075842740149949,6.933333333333334,141.26999999999998,141.42,2259.42,replicas,2,1,3
30,31.680937288000223,28,28,0,14.140995764342136,13.866666666666667,141.32,142.5,2261.3,replicas,2,2,3
30,32.20985861300005,40,40,0,19.869692931272073,19.2,199.6,199.96,3209.87,pipeline,3,4,3
30,32.27371645999983,14,14,0,6.940632333980701,6.933333333333334,144.4,145.13,2303.7250000000004,pipeline,3,1,3
30,32.28428056700022,28,28,0,13.876722421311403,13.866666666666667,144.32,145.91,2301.1549999999997,pipeline,3,2,3
30,33.1342065040003,31,31,0,14.969424420654763,14.4,146.77,422.78,4627.03,replicas,3,4,3
30,31.65426451500025,14,14,0,7.076455682420023,6.933333333333334,141.265,141.43,2259.51,replicas,3,1,3
30,31.68713010600004,28,28,0,14.138232099320666,13.866666666666667,141.4,141.61,2261.69,replicas,3,2,3
30,35.90463749899982,16,16,0,7.129998179403184,6.4,559.635,559.79,8973.634999999998,pipeline,1,4,3
30,31.661488212999757,14,14,0,7.074841160120477,6.933333333333334,141.175,141.42,2260.205,pipeline,1,1,3
30,31.414957602999948,14,14,0,7.130361365778488,6.4,279.22,279.36,4485.895,pipeline,1,2,3
30,35.905313046000174,16,16,0,7.129864030764055,6.4,559.6949999999999,560.32,8974.035,replicas,1,4,3
30,31.663323493000007,14,14,0,7.074431085843562,6.933333333333334,141.19,141.32,2259.755,replicas,1,1,3
30,31.417834910999773,14,14,0,7.129708353059518,6.4,279.27,279.86,4486.4400000000005,replicas,1,2,3
