mode,context,concurrency,n_runs,requests,failures,reference_mismatches,mean_tps,median_tps,mean_tps_ci95,min_tps,max_tps,median_run_client_ms,median_run_ttft_ms,decode_queue_ms,decode_residual_ms,decode_queue_fraction_of_residual
pipeline-2x1t,32,1,1,4,0,0,5.254858203586485,5.254858203586485,"[None, None]",5.254858203586485,5.254858203586485,3046.3066350000645,580.0658010000557,0.1098770007956773,134.69260300030328,0.0008157612099561986
pipeline-2x1t,32,2,1,4,0,0,7.02731549904048,7.02731549904048,"[None, None]",7.02731549904048,7.02731549904048,4517.692684499934,919.595765999971,716.4155890002348,1009.1115059997264,0.709946903529241
pipeline-2x1t,32,4,1,4,0,0,7.062530454051926,7.062530454051926,"[None, None]",7.062530454051926,7.062530454051926,8937.735937999947,1522.1206609999444,15408.207683,15885.276775998818,0.9699678450853545
pipeline-2x1t,32,8,1,8,0,0,7.145722202629017,7.145722202629017,"[None, None]",7.145722202629017,7.145722202629017,17571.333025500055,2538.3106559999974,91872.98333799958,92816.91112899943,0.9898302175808463
pipeline-2x1t,128,1,1,4,0,0,3.6557614564414043,3.6557614564414043,"[None, None]",3.6557614564414043,3.6557614564414043,4377.586201999975,1740.1359359998785,0.11063399892918824,139.59473500040076,0.0007925370461061488
pipeline-2x1t,128,2,1,4,0,0,4.483573329301604,4.483573329301604,"[None, None]",4.483573329301604,4.483573329301604,7094.030556000007,2836.495790999934,2432.8769319970434,2683.665066999538,0.9065501361975519
pipeline-2x1t,128,4,1,4,0,0,4.6946148692377285,4.6946148692377285,"[None, None]",4.6946148692377285,4.6946148692377285,13488.9896615,4613.445590500009,21229.464201998555,21646.306487001086,0.980743029520863
pipeline-2x1t,128,8,1,8,0,0,4.707894812677989,4.707894812677989,"[None, None]",4.707894812677989,4.707894812677989,26868.57765000002,7824.425655999998,122980.12880200145,123913.6368240022,0.9924664625627393
replicas-2x1t,32,1,2,8,0,0,5.2371512229000725,5.2371512229000725,"[5.088853804634457, 5.385448641165689]",5.088853804634457,5.385448641165689,3032.4291472500136,599.9636957500243,0.09256800058210501,155.95185499932995,0.0005935678070806066
replicas-2x1t,32,2,1,4,0,0,7.113941448047009,7.113941448047009,"[None, None]",7.113941448047009,7.113941448047009,4497.484029499901,1058.3839454998842,0.10909899947364465,72.21521299948108,0.0015107481504545116
replicas-2x1t,32,4,1,4,0,0,7.210250747423693,7.210250747423693,"[None, None]",7.210250747423693,7.210250747423693,6668.568410500143,3253.0163609999827,0.108669998780897,79.07191500066801,0.0013743185400275045
replicas-2x1t,32,8,2,16,0,0,6.965410109359699,6.965410109359699,"[6.636909288135505, 7.293910930583894]",6.636909288135505,7.293910930583894,11546.567507000022,7924.634661750022,0.51051599962193,352.90539599805015,0.0014466086532288404
replicas-2x1t,128,1,1,4,0,0,3.717054656541997,3.717054656541997,"[None, None]",3.717054656541997,3.717054656541997,4288.0033309999135,1758.6136504999345,0.045589000364998356,60.1765320004688,0.0007575876982183553
replicas-2x1t,128,2,2,8,0,0,4.7311447593425076,4.7311447593425076,"[4.668175605901653, 4.794113912783361]",4.668175605901653,4.794113912783361,6661.871305500085,3123.075997750015,0.21797200020046148,183.1982680018882,0.0011898147432169767
replicas-2x1t,128,4,2,8,0,0,4.546425466726285,4.546425466726285,"[4.353547200156344, 4.739303733296228]",4.353547200156344,4.739303733296228,10550.304153500065,6611.723133749976,0.22586999989471224,191.75442100254259,0.0011779128674781235
replicas-2x1t,128,8,2,16,0,0,4.693713610760645,4.693713610760645,"[4.638607948078296, 4.748819273442995]",4.638607948078296,4.748819273442995,16977.833900750054,13296.219491500095,0.40850399750524957,296.8744560007508,0.0013760159867180234
unsplit-1t,32,1,1,4,0,0,5.431298445962662,5.431298445962662,"[None, None]",5.431298445962662,5.431298445962662,2938.967805500056,569.2855560000318,0.05716699888580479,59.97013099954529,0.0009532578624221822
unsplit-1t,32,2,1,4,0,0,5.436809435186459,5.436809435186459,"[None, None]",5.436809435186459,5.436809435186459,5830.45785249999,927.1356609999445,10095.910505000347,10316.108948999272,0.9786548935177458
unsplit-1t,32,4,1,4,0,0,5.3394894906222286,5.3394894906222286,"[None, None]",5.3394894906222286,5.3394894906222286,11738.409675499952,1470.0854355000556,31203.103712000484,31428.62523099984,0.9928243275885669
unsplit-1t,32,8,1,8,0,0,5.357011414856197,5.357011414856197,"[None, None]",5.357011414856197,5.357011414856197,23345.44802149992,2596.5004359999366,146156.76521600017,146592.5145559979,0.9970274789178865
unsplit-1t,128,1,1,4,0,0,3.6269545792538387,3.6269545792538387,"[None, None]",3.6269545792538387,3.6269545792538387,4411.877088500091,1740.3806110000187,0.06140299979051633,61.055626000552365,0.0010056894640628339
unsplit-1t,128,2,1,4,0,0,3.7982970880892015,3.7982970880892015,"[None, None]",3.7982970880892015,3.7982970880892015,8375.330613500068,2673.3455960000633,12817.56319899955,13039.606941999637,0.9829715923196352
unsplit-1t,128,4,1,4,0,0,3.734662783683586,3.734662783683586,"[None, None]",3.734662783683586,3.734662783683586,16885.083241499953,4397.455259999979,39599.804134000355,39826.53402599976,0.994307064434696
unsplit-1t,128,8,1,8,0,0,3.7915794204457147,3.7915794204457147,"[None, None]",3.7915794204457147,3.7915794204457147,33195.175584500015,7835.67043099999,182602.2349579996,183046.34817299916,0.9975737663196655
unsplit-2t,32,1,1,4,0,0,4.2535768699921395,4.2535768699921395,"[None, None]",4.2535768699921395,4.2535768699921395,3774.3858444999887,922.8559065000768,0.06180200102789968,112.42096700220827,0.0005497373192554527
unsplit-2t,32,2,1,4,0,0,4.338878399159594,4.338878399159594,"[None, None]",4.338878399159594,4.338878399159594,7287.66688799999,1543.9355599999894,12299.074805999908,12444.077141000207,0.9883476827283116
unsplit-2t,32,4,1,4,0,0,4.307715120398856,4.307715120398856,"[None, None]",4.307715120398856,4.307715120398856,14573.088577500017,2325.6954355000557,37705.0296429993,37860.76237700013,0.9958866984121949
unsplit-2t,32,8,1,8,0,0,4.496148695852401,4.496148695852401,"[None, None]",4.496148695852401,4.496148695852401,27869.69418500007,4340.080501000045,167134.61008100034,167368.75655300036,0.9986010144496361
unsplit-2t,128,1,1,4,0,0,2.96673119353521,2.96673119353521,"[None, None]",2.96673119353521,2.96673119353521,5291.612021000105,2178.340580500114,0.04624700090971601,99.29041500117819,0.0004657750791873237
unsplit-2t,128,2,1,4,0,0,3.0763847499693795,3.0763847499693795,"[None, None]",3.0763847499693795,3.0763847499693795,10380.760393999935,3191.8955905000075,16081.507408000107,16264.989109000453,0.9887192238635553
unsplit-2t,128,4,1,4,0,0,3.1977124982972898,3.1977124982972898,"[None, None]",3.1977124982972898,3.1977124982972898,19659.017674999974,5169.6204505000105,46061.39032099895,46233.759430999955,0.9962717911733254
unsplit-2t,128,8,1,8,0,0,3.4380058388016312,3.4380058388016312,"[None, None]",3.4380058388016312,3.4380058388016312,36639.6607155001,9051.900520500065,199262.3988050002,199500.78917199947,0.9988050655439076
