run,matrix,arm,scenario,concurrency,repeat,new_tokens,requests,successful,errors,window_including_drain_s,tokens_per_second_including_drain,client_completion_p50_ms,client_completion_p95_ms,internal_ttft_p50_ms,voluntary_moves,voluntary_rejections,gate_horizons_s,observed_remaining_min,observed_remaining_max,initial_layout,correctness_verified
network-120_gate_ebpf+app_latency_c1_r1_20261004T112909,objective,latency,network,1,1,32,8,8,0,63.24111890792847,4.047999219822557,7927.48761177063,8059.678077697754,896.89,0,0,[],,,"[[""vm2"", 0, 28], [""vm3"", 28, 28]]",
network-120_gate_ebpf+app_latency_c1_r2_20261004T111628,objective,latency,network,1,2,32,8,8,0,64.73559188842773,3.9545479161018235,8096.4860916137695,8141.615867614746,904.68,0,0,[],,,"[[""vm2"", 0, 28], [""vm3"", 28, 28]]",
network-120_gate_ebpf+app_latency_c2_r1_20261004T111400,objective,latency,network,2,1,32,8,8,0,63.73988699913025,4.016323405209256,15956.855058670044,16012.48574256897,1772.21,0,0,[],,,"[[""vm2"", 0, 28], [""vm3"", 28, 28]]",
network-120_gate_ebpf+app_latency_c2_r2_20261004T112635,objective,latency,network,2,2,32,8,8,0,62.99645400047302,4.063720792889037,15796.539545059204,15802.079916000366,1742.81,0,0,[],,,"[[""vm2"", 0, 28], [""vm3"", 28, 28]]",
network-120_gate_ebpf+app_throughput_c1_r1_20261004T112249,objective,throughput,network,1,1,32,5,5,0,62.71910643577576,2.5510567527590604,12514.443397521973,17369.559049606323,1506.27,2,0,"[30, 30]",,,"[[""vm2"", 0, 19], [""vm3"", 19, 28]]",
network-120_gate_ebpf+app_throughput_c1_r2_20261004T111742,objective,throughput,network,1,2,32,5,5,0,69.98245549201965,2.286287311228246,12546.935558319092,19951.252460479736,1528.18,1,0,[30],,,"[[""vm2"", 0, 18], [""vm3"", 18, 28]]",
network-120_gate_ebpf+app_throughput_c2_r1_20261004T111240,objective,throughput,network,2,1,32,10,10,0,66.63275575637817,4.802442828118649,12884.567022323608,17508.188486099243,1457.77,2,0,"[30, 30]",,,"[[""vm2"", 0, 18], [""vm3"", 18, 28]]",
network-120_gate_ebpf+app_throughput_c2_r2_20261004T111004,objective,throughput,network,2,2,32,10,10,0,67.32205104827881,4.753271699498842,12807.463884353638,17590.739011764526,1182.0,2,0,"[30, 30]",,,"[[""vm2"", 0, 19], [""vm3"", 19, 28]]",
stable_gate_ebpf+app_latency_c1_r1_20261004T111124,objective,latency,stable,1,1,32,8,8,0,63.53583765029907,4.029222081072145,7939.292907714844,8021.758556365967,902.88,0,0,[],,,"[[""vm2"", 0, 28], [""vm3"", 28, 28]]",
stable_gate_ebpf+app_latency_c1_r2_20261004T113138,objective,latency,stable,1,2,32,8,8,0,63.67777490615845,4.02024097696984,7941.809892654419,8135.2643966674805,900.64,0,0,[],,,"[[""vm2"", 0, 28], [""vm3"", 28, 28]]",
stable_gate_ebpf+app_latency_c1_r3_20261004T112019,objective,latency,stable,1,3,32,8,8,0,62.96031737327576,4.066053201133674,7889.848709106445,7910.998582839966,894.98,0,0,[],,,"[[""vm2"", 0, 28], [""vm3"", 28, 28]]",
stable_gate_ebpf+app_latency_c2_r1_20261004T112519,objective,latency,stable,2,1,32,8,8,0,63.272820472717285,4.0459710518260374,15776.696920394897,16010.934114456177,1762.42,0,0,[],,,"[[""vm2"", 0, 28], [""vm3"", 28, 28]]",
stable_gate_ebpf+app_latency_c2_r2_20261004T111516,objective,latency,stable,2,2,32,8,8,0,63.698917388916016,4.018906607736876,15984.228134155273,16102.182388305664,1762.49,0,0,[],,,"[[""vm2"", 0, 28], [""vm3"", 28, 28]]",
stable_gate_ebpf+app_latency_c2_r3_20261004T113254,objective,latency,stable,2,3,32,8,8,0,62.96672868728638,4.065639192904252,15719.744682312012,15952.45623588562,1754.2,0,0,[],,,"[[""vm2"", 0, 28], [""vm3"", 28, 28]]",
stable_gate_ebpf+app_throughput_c1_r1_20261004T110838,objective,throughput,stable,1,1,32,8,8,0,66.70476174354553,3.8378069767226326,8346.27366065979,8403.692722320557,954.41,0,0,[],,,"[[""vm2"", 0, 18], [""vm3"", 18, 28]]",
stable_gate_ebpf+app_throughput_c1_r2_20261004T111904,objective,throughput,stable,1,2,32,8,8,0,66.05615019798279,3.8754907640351357,8262.059688568115,8290.605545043945,937.78,0,0,[],,,"[[""vm2"", 0, 19], [""vm3"", 19, 28]]",
stable_gate_ebpf+app_throughput_c1_r3_20261004T112750,objective,throughput,stable,1,3,32,8,8,0,65.72384405136108,3.8950856221973895,8229.952096939087,8269.041061401367,927.74,0,0,[],,,"[[""vm2"", 0, 18], [""vm3"", 18, 28]]",
stable_gate_ebpf+app_throughput_c2_r1_20261004T113024,objective,throughput,stable,2,1,32,14,14,0,60.90640640258789,7.355548068929653,8664.280652999878,8748.08120727539,954.4,0,0,[],,,"[[""vm2"", 0, 18], [""vm3"", 18, 28]]",
stable_gate_ebpf+app_throughput_c2_r2_20261004T112135,objective,throughput,stable,2,2,32,14,14,0,61.37964081764221,7.29883710676965,8739.077091217041,8828.917264938354,960.25,0,0,[],,,"[[""vm2"", 0, 18], [""vm3"", 18, 28]]",
stable_gate_ebpf+app_throughput_c2_r3_20261004T112404,objective,throughput,stable,2,3,32,14,14,0,61.34154677391052,7.303369796839572,8741.281032562256,8782.187700271606,948.52,0,0,[],,,"[[""vm2"", 0, 18], [""vm3"", 18, 28]]",
stable_gate_ebpf+app_auto_c1_r1_20261004T114157,demand,auto-fixed,stable,1,1,64,4,4,0,60.898033618927,4.20374821298722,15232.484817504883,15325.48189163208,882.79,0,0,[],3,64,"[[""vm2"", 0, 28], [""vm3"", 28, 28]]",True
stable_gate_ebpf+app_auto_c1_r1_20261004T114704,demand,auto-remaining,stable,1,1,64,4,4,0,64.1420385837555,3.991142246994846,15419.777870178223,18256.627321243286,894.46,0,0,[],2,64,"[[""vm2"", 0, 28], [""vm3"", 28, 28]]",True
stable_gate_ebpf+app_auto_c1_r2_20261004T113803,demand,auto-fixed,stable,1,2,64,4,4,0,60.79814791679382,4.2106545803065,15194.844961166382,15288.905143737793,906.25,0,0,[],2,64,"[[""vm2"", 0, 28], [""vm3"", 28, 28]]",True
stable_gate_ebpf+app_auto_c1_r2_20261004T114429,demand,auto-remaining,stable,1,2,64,4,4,0,60.61315870285034,4.223505348978976,15156.12506866455,15206.332683563232,898.82,0,0,[],2,64,"[[""vm2"", 0, 28], [""vm3"", 28, 28]]",True
stable_gate_ebpf+app_auto_c2_r1_20261004T113919,demand,auto-remaining,stable,2,1,64,6,6,0,68.72413921356201,5.587556343291696,21845.091581344604,30131.56223297119,937.87,1,4,"[7.178932057416269, 5.108043766578249, 3.1341844919786097, 1.1104442970822281, 28.420674875906833]",2,127,"[[""vm2"", 0, 28], [""vm3"", 28, 28]]",True
stable_gate_ebpf+app_auto_c2_r1_20261004T114038,demand,auto-fixed,stable,2,1,64,6,6,0,63.86412501335144,6.012765381498939,16710.466146469116,30546.080827713013,942.84,1,0,[30],3,128,"[[""vm2"", 0, 28], [""vm3"", 28, 28]]",True
stable_gate_ebpf+app_auto_c2_r2_20261004T114313,demand,auto-fixed,stable,2,2,64,6,6,0,65.35659170150757,5.875459383711136,16391.36052131653,32662.896394729614,925.11,1,0,[30],3,128,"[[""vm2"", 0, 28], [""vm3"", 28, 28]]",True
stable_gate_ebpf+app_auto_c2_r2_20261004T114823,demand,auto-remaining,stable,2,2,64,6,6,0,65.40353274345398,5.8712424832805885,16519.518852233887,32561.054229736328,951.09,1,0,[7.499438735944165],3,128,"[[""vm2"", 0, 28], [""vm3"", 28, 28]]",True
stable_gate_ebpf+app_throughput_c1_r1_20261004T113410,demand,throughput,stable,1,1,64,4,4,0,63.088417291641235,4.057797151838174,15768.728733062744,15848.15764427185,944.4,0,0,[],,,"[[""vm2"", 0, 18], [""vm3"", 18, 28]]",True
stable_gate_ebpf+app_throughput_c1_r2_20261004T113645,demand,throughput,stable,1,2,64,4,4,0,63.208765506744385,4.050071187874801,15787.33515739441,15876.347303390503,936.53,0,0,[],,,"[[""vm2"", 0, 19], [""vm3"", 19, 28]]",True
stable_gate_ebpf+app_throughput_c2_r1_20261004T114544,demand,throughput,stable,2,1,64,8,8,0,65.25800800323486,7.845780397933997,16299.655199050903,16418.254137039185,1330.0,0,0,[],,,"[[""vm2"", 0, 18], [""vm3"", 18, 28]]",True
stable_gate_ebpf+app_throughput_c2_r2_20261004T113528,demand,throughput,stable,2,2,64,8,8,0,65.52480125427246,7.813835222683956,16399.091243743896,16424.331665039062,1321.72,0,0,[],,,"[[""vm2"", 0, 18], [""vm3"", 18, 28]]",True
