matrix,scenario,concurrency,new_tokens,arm,repeats,median_tokens_per_second,median_client_p50_ms,median_client_p95_ms,requests,errors,voluntary_moves,voluntary_rejections
demand,stable,1,64,auto-fixed,2,4.20720139664686,15213.664889335632,15307.193517684937,8,0,0,0
demand,stable,1,64,auto-remaining,2,4.107323797986911,15287.951469421387,16731.48000240326,8,0,0,0
demand,stable,1,64,throughput,2,4.053934169856488,15778.031945228577,15862.252473831177,8,0,0,0
demand,stable,2,64,auto-fixed,2,5.944112382605038,16550.913333892822,31604.488611221313,12,0,2,0
demand,stable,2,64,auto-remaining,2,5.729399413286142,19182.305216789246,31346.30823135376,12,0,2,4
demand,stable,2,64,throughput,2,7.829807810308976,16349.3732213974,16421.292901039124,16,0,0,0
objective,network,1,32,latency,2,4.0012735679621905,8011.9868516922,8100.64697265625,16,0,0,0
objective,network,1,32,throughput,2,2.418672031993653,12530.689477920532,18660.40575504303,10,0,3,0
objective,network,2,32,latency,2,4.040022099049146,15876.697301864624,15907.282829284668,16,0,0,0
objective,network,2,32,throughput,2,4.7778572638087455,12846.015453338623,17549.463748931885,20,0,4,0
objective,stable,1,32,latency,3,4.029222081072145,7939.292907714844,8021.758556365967,24,0,0,0
objective,stable,1,32,throughput,3,3.8754907640351357,8262.059688568115,8290.605545043945,24,0,0,0
objective,stable,2,32,latency,3,4.0459710518260374,15776.696920394897,16010.934114456177,24,0,0,0
objective,stable,2,32,throughput,3,7.303369796839572,8739.077091217041,8782.187700271606,42,0,0,0
