t_start,t_end,ok,tokens,ttft_ms,itl_ms,duration_ms,replays,transition_ms,reconstruct_ms,generation,error
1791112372.8238597,1791112381.595546,1,32,935.04,252.7483870967742,8770.24,0,0.0,0.0,1,
1791112372.8245952,1791112381.714887,1,32,1542.59,236.92354838709676,8887.22,0,0.0,0.0,1,
1791112381.5955749,1791112394.187405,1,32,986.75,374.31967741935483,12590.66,0,0.0,0.0,1,
1791112381.7148964,1791112394.3206236,1,32,1457.77,359.5425806451613,12603.59,0,0.0,0.0,1,
1791112394.1874096,1791112411.6486497,1,32,1529.47,513.8893548387098,17460.04,3,3063.61,1560.03,2,
1791112394.3206294,1791112411.8288178,1,32,1780.24,507.28354838709674,17506.03,3,3572.18,2068.45,2,
1791112411.6486535,1791112424.5421329,1,32,1308.34,373.6554838709677,12891.66,0,0.0,0.0,2,
1791112411.8288245,1791112424.7133915,1,32,1993.14,351.25354838709677,12882.0,0,0.0,0.0,2,
1791112424.5421402,1791112439.3330507,1,32,1040.46,443.48387096774195,14788.46,3,3159.46,1655.93,3,
1791112424.7133977,1791112439.456099,1,32,1704.34,420.53193548387094,14740.83,3,2508.79,1005.2,3,
