service_ms,concurrency,mode,windows,requests,failures,completed_rpcs_per_s,completed_rpcs_per_s_min,completed_rpcs_per_s_max,mean_rpc_ms,mean_rpc_ms_min,mean_rpc_ms_max,mean_compute_ms,mean_compute_ms_min,mean_compute_ms_max,mean_server_lock_wait_ms,mean_server_lock_wait_ms_min,mean_server_lock_wait_ms_max,mean_residual_ms,mean_residual_ms_min,mean_residual_ms_max,mean_queue_corrected_residual_ms,mean_queue_corrected_residual_ms_min,mean_queue_corrected_residual_ms_max,mean_client_admission_wait_ms,mean_client_admission_wait_ms_min,mean_client_admission_wait_ms_max,mean_client_completion_ms,mean_client_completion_ms_min,mean_client_completion_ms_max,queue_fraction_of_mean_residual
5,1,admitted,3,7605,0,168.9649953085492,168.054063575411,170.40109714240828,5.896783565748499,5.848273530700039,5.927077643395478,5.093258457550322,5.091529519362265,5.094840316994548,0.0006072798307653039,0.0005896628861947595,0.0006222960031658092,0.8035251081981772,0.7567440113377741,0.8336721071013256,0.802917828367412,0.7561543484515794,0.8330622264983902,0.00231051361446474,0.002178445443879546,0.0024496790955969854,5.899094079362964,5.850451976143919,5.929527322491075,0.0007557695765438703
5,1,direct,3,7540,0,167.52500710205433,163.4821177971602,169.66032025093975,5.951015962932773,5.876497177603143,6.092447436608235,5.096857758301796,5.09001100863119,5.1087854027702395,0.0006241972491900725,0.0005889469548133596,0.0006868658785161027,0.8541582046309762,0.7864861689719538,0.9836620338379954,0.8535340073817862,0.7858972220171404,0.9829751679594794,0.0002858173016631475,0.0002506098231827112,0.0003332311455360783,5.951301780234435,5.876747787426326,6.092780667753771,0.0007307747508668441
5,2,admitted,3,7633,0,169.5059896535916,169.2841833344039,169.7623873361452,5.849235166444483,5.841771686028258,5.856663682802046,5.091388101711454,5.090599348682646,5.091805007854713,0.0006142025569994818,0.0005781452119309262,0.000646831955922865,0.7578470647330294,0.7500117374312565,0.7660643341194002,0.75723286217603,0.7494335922193256,0.7654175021634774,5.917542191556754,5.907969545133438,5.924958047225502,11.766777358001237,11.749741231161696,11.781621730027549,0.0008104571299169048
5,2,direct,3,8696,0,193.1380327391163,192.87961152872631,193.30251353462407,10.336217911151103,10.328809707342296,10.348453344386874,5.096050429608638,5.093300985872388,5.098304475641758,4.43382086741976,4.413636802763385,4.456138461909687,5.240167481542464,5.232263880030526,5.250148868745116,0.8063466141227046,0.7761254181208402,0.8365120659817309,0.00025966588879759473,0.00024411103448275862,0.0002841865284974093,10.3364775770399,10.329060407445708,10.348737530915372,0.8461219766423662
5,4,admitted,3,7524,0,166.9765739136491,165.44282986352266,167.79458892927718,5.888758396656903,5.8661093,5.933994318712274,5.090709720755314,5.088899603808217,5.093443952112501,0.0006375623619808333,0.0006228454728370222,0.0006578650258038905,0.7980486759015893,0.7763236936547763,0.840550366599773,0.7974111135396086,0.7756917170674748,0.8399275211269359,18.006005410065335,17.913409895238097,18.177688198792758,23.894763806722235,23.779519195238095,24.11168251750503,0.0007989015974001236
5,4,direct,3,8714,0,193.4047573199596,193.28651392879505,193.60443289556446,20.65253087037564,20.632109979711142,20.66529869066483,5.091050770365629,5.0901224791583894,5.091995653459798,14.76473612711806,14.75601308095074,14.778601785763412,15.56148010001001,15.541075801232441,15.57517621150644,0.7967439728919505,0.7624740154690308,0.8155826968664123,0.00025215748029319696,0.00024106958318980366,0.0002607020323802962,20.652783027855932,20.63236468053645,20.66553976024802,0.9488002447214877
20,1,admitted,3,2125,0,47.187783612683674,47.14973330155769,47.22658727554888,21.160864199707685,21.14318882087447,21.177678162429377,20.110300031530077,20.10813703105022,20.112781254243796,0.0006404851200199745,0.0006069223163841808,0.000686605077574048,1.0505641681776101,1.035051789824251,1.067696353133166,1.0499236830575902,1.034365184746677,1.0670684251670643,0.002891394585753787,0.00282709604519774,0.0029418998589562763,21.16375559429344,21.146130720733428,21.180505258474575,0.0006096582573637644
20,1,direct,3,2125,0,47.180413291659235,47.12617019944792,47.2111813701038,21.169069697365124,21.15519317489422,21.19304164780764,20.111951871271607,20.10807268971727,20.11691259263008,0.0006344141691420805,0.000587968882602546,0.0006979407616361072,1.0571178260935143,1.0471204851769456,1.0761290551775573,1.0564834119243722,1.0464225444153095,1.0755410862949548,0.000320343177799545,0.0003124695898161245,0.0003251184767277856,21.169390040542922,21.155518293370946,21.193354117397455,0.0006001357213760193
20,2,admitted,3,2126,0,47.12556568409138,47.080930208860025,47.198821484357204,21.1543846367908,21.124472228169015,21.17404507344633,20.110028991885727,20.104342128198226,20.11326331780431,0.0006207238906129811,0.0005927838983050848,0.0006437281690140845,1.0443556449050746,1.0201300999707867,1.0607817556420174,1.0437349210144615,1.0194863718017726,1.0601889717437123,21.21223693256545,21.17683261549296,21.231386922316386,42.36662156935625,42.301304843661974,42.40543199576271,0.0005943606410720374
20,2,direct,3,2229,0,49.42194579087922,49.41301374184129,49.42877314664199,40.41494607806191,40.408687807537014,40.42265541857335,20.10910981158029,20.10611442664404,20.111657121154316,19.25142061686855,19.233060790040376,19.28137996769852,20.305836266481624,20.2991299205945,20.316540991929312,1.0544156496130712,1.0351610242307914,1.0660691305541237,0.0002996370569762225,0.0002785181695827725,0.000334399730820996,40.415245715118886,40.40897380080754,40.422933936742936,0.9480732713602358
20,4,admitted,3,2121,0,46.91150473197576,46.82086455665667,47.05243862943274,21.195825081616903,21.136663045133993,21.24104826062323,20.11532764032411,20.114043267988837,20.117298260630758,0.000719462018083963,0.0006379844192634561,0.0008558152327221439,1.0804974412927932,1.0226197771451548,1.1237499999924732,1.0797779792747093,1.0217639619124328,1.1231120155732097,63.829468965936414,63.63754638222849,63.94646308923513,85.0252940475533,84.77420942736248,85.18751134985835,0.0006658618434330962
20,4,direct,3,2234,0,49.411175129270646,49.397548051717294,49.424942544923866,80.76112954482873,80.73927444026846,80.7831126922043,20.112223767469494,20.11139031412386,20.112902263447292,59.59120172992531,59.56425076644295,59.605778040268454,60.64890577735923,60.626895715431125,60.67021042875701,1.0577040474339228,1.0211176751626658,1.0853604214466097,0.0003035554719636285,0.00028347983870967745,0.00032408724832214765,80.76143310030069,80.73959852751678,80.78339617204301,0.9825602121938237
50,1,admitted,3,879,0,19.498232085006602,19.466817401152838,19.51525401171188,51.25275042320819,51.20856275426621,51.33444179180887,50.11640812855139,50.114457252557536,50.11992452217078,0.0006006803185437998,0.0005806348122866894,0.0006142491467576792,1.1363422946568003,1.0941055017086738,1.2145172696380944,1.1357416143382564,1.093491252561916,1.2139101126415073,0.0030506564277588168,0.003019443686006826,0.00306760409556314,51.25580107963595,51.21158219795222,51.33750671331058,0.0005286086079592929
50,1,direct,3,879,0,19.50116445082708,19.470128487142325,19.520758080498073,51.25151533219568,51.20060777474403,51.33211887030717,50.122775754255365,50.11541761431399,50.13289528668026,0.0005919817974971559,0.0005672354948805461,0.0006233037542662116,1.1287395779403127,1.085190160430039,1.199223583626908,1.1281475961428156,1.0846047542866943,1.1986002798726418,0.00027126734926052334,0.0002687098976109215,0.0002736689419795222,51.251786599544936,51.20088144368601,51.33238758020478,0.0005244626918969078
50,2,admitted,3,882,0,19.476727206582165,19.47246490804351,19.4799432681348,51.27426982879818,51.26526034353741,51.28771521088435,50.13032161790423,50.1237240986094,50.14061246939943,0.0005916609977324263,0.0005771462585034014,0.0006044421768707483,1.1439482108939567,1.1386320578335558,1.1471027414849277,1.1433565498962242,1.1380386632757327,1.1464982993080568,51.19215756462585,51.18428994557823,51.20069119387755,102.46642739342404,102.44955028911565,102.4884064047619,0.0005172096010098773
50,2,direct,3,900,0,19.88431812804161,19.873930191530274,19.8923775310204,100.38045106666667,100.34290040666667,100.42414625333333,50.12727285109678,50.12078956327665,50.13910918001178,49.03957660444444,48.98459641,49.08708178,50.25317821556989,50.22211084339001,50.285037073321554,1.2136016111254442,1.1653049499980972,1.3004406633215566,0.0003666411111111111,0.0002951366666666667,0.0005066633333333333,100.38081770777778,100.34319853,100.42465291666667,0.9758502515817111
50,4,admitted,3,885,0,19.453737137074192,19.430850150178472,19.465797259389262,51.27228764632768,51.241075766101694,51.32944129152543,50.11856888249073,50.11171274915904,50.13094077967253,0.0006137774011299435,0.0005838677966101695,0.0006568440677966102,1.1537187638369566,1.1293630169426563,1.1985005118528957,1.1531049864358267,1.1287791491460462,1.197843667785099,153.2241531762712,153.12436223728812,153.40341123050848,204.49644082259888,204.37070811864407,204.7328525220339,0.0005319991495056264
50,4,direct,3,906,0,19.885540074203057,19.87496194183353,19.897008211388695,200.11241427704195,200.0022472781457,200.21668398013244,50.128752363148514,50.119154718538766,50.138852357658294,148.80382640507727,148.7248566589404,148.86564378145695,149.98366191389343,149.88309255960692,150.08843396688397,1.1798355088161643,1.1582359006665328,1.2227901854270078,0.00028664679911699777,0.0002732913907284768,0.00030714900662251655,200.11270092384106,200.00252056953641,200.21699112913907,0.9921335731254948
