service_ms,concurrency,paired_windows,mean_residual_difference_ms,min_difference_ms,max_difference_ms
5,1,3,0.05063309643279901,-0.04134569601834592,0.1635028276825633
5,2,3,4.482320416809435,4.474798757382095,4.488077958420494
5,4,3,14.76343142410842,14.734625844906667,14.791864593636372
20,1,3,0.006553657915904158,-0.0018238763984679274,0.013052148101789118
20,2,3,19.26148062157655,19.23834816495248,19.28170778695027
20,4,3,59.56840833606644,59.525861187897085,59.60427593828597
50,1,3,-0.007602716716487749,-0.015293686011186303,0.00769948805531695
50,2,3,49.10923000467593,49.075008101905084,49.146405015488
50,4,3,148.82994315005647,148.75372954266427,148.88993345503107
