window_s,observation_s,requests,successes,failures,completed_rpcs_per_s,mean_rpc_ms,median_rpc_ms,p95_rpc_ms,mean_compute_ms,median_compute_ms,p95_compute_ms,mean_server_lock_wait_ms,median_server_lock_wait_ms,p95_server_lock_wait_ms,mean_residual_ms,median_residual_ms,p95_residual_ms,mean_clipped_residual_ms,median_clipped_residual_ms,p95_clipped_residual_ms,mean_queue_corrected_residual_ms,median_queue_corrected_residual_ms,p95_queue_corrected_residual_ms,mean_client_admission_wait_ms,median_client_admission_wait_ms,p95_client_admission_wait_ms,mean_client_completion_ms,median_client_completion_ms,p95_client_completion_ms,service_ms,concurrency,mode,repeat
15.0,15.09515214699968,300,300,0,19.873930191530274,100.42414625333333,100.47691950000001,100.968982,50.13910918001178,50.11666500013234,50.1665680003498,48.98459641,49.2094835,49.508972,50.285037073321554,50.36092599986828,50.80420799977732,50.285037073321554,50.36092599986828,50.80420799977732,1.3004406633215566,1.16715099978234,2.1800419997619045,0.0005066633333333333,0.00025049999999999996,0.000471,100.42465291666667,100.4771645,100.969243,50,2,direct,1
15.0,15.182042871000704,295,295,0,19.430850150178472,51.32944129152543,51.263093,51.6242,50.13094077967253,50.11408300015319,50.15747400011605,0.0006568440677966102,0.000551,0.001132,1.1985005118528957,1.145796000460976,1.4714719995713068,1.1985005118528957,1.145796000460976,1.4714719995713068,1.197843667785099,1.145235000460976,1.470509999571307,153.40341123050848,154.257154,155.713505,204.7328525220339,205.529952,207.152049,50,4,admitted,1
15.0,15.00469918699946,2453,2453,0,163.4821177971602,6.092447436608235,5.992646,6.827553,5.1087854027702395,5.092276000141283,5.145029000232171,0.0006868658785161027,0.00061,0.001052,0.9836620338379954,0.8948109999849052,1.6276549996446636,0.9836620338379954,0.8948109999849052,1.6276549996446636,0.9829751679594794,0.8939970000060761,1.6271439996446637,0.0003332311455360783,0.000231,0.000431,6.092780667753771,5.992907,6.827824,5,1,direct,1
15.0,15.194997650000005,302,302,0,19.87496194183353,200.21668398013244,200.9987825,202.08077,50.12825001324849,50.11531300033312,50.15951400037011,148.86564378145695,149.7584545,150.328348,150.08843396688397,150.8875744998378,151.90089799978387,150.08843396688397,150.8875744998378,151.90089799978387,1.2227901854270078,1.1394544999412801,1.6274250005831163,0.00030714900662251655,0.000241,0.000491,200.21699112913907,200.9989825,202.081091,50,4,direct,1
15.0,15.048693705000005,293,293,0,19.470128487142325,51.33211887030717,51.237205,51.914157,50.13289528668026,50.114399999984016,50.16146500020113,0.0006233037542662116,0.000551,0.000981,1.199223583626908,1.1174589998897417,1.6732699997836136,1.199223583626908,1.1174589998897417,1.6732699997836136,1.1986002798726418,1.1168879998897416,1.6724189997836136,0.0002687098976109215,0.000241,0.000431,51.33238758020478,51.237425,51.914388,50,1,direct,1
15.0,15.051253317999908,293,293,0,19.466817401152838,51.33444179180887,51.235982,51.713984,50.11992452217078,50.1146520000475,50.14803400081291,0.0006071569965870308,0.000561,0.000952,1.2145172696380944,1.1230659998472206,1.5652409995708467,1.2145172696380944,1.1230659998472206,1.5652409995708467,1.2139101126415073,1.1225949998472204,1.5643389995708468,0.0030649215017064845,0.002805,0.003887,51.33750671331058,51.238707,51.718272,50,1,admitted,1
15.0,15.078747619999376,706,706,0,46.82086455665667,21.24104826062323,21.1538285,21.702153,20.117298260630758,20.108000499931222,20.1428450000094,0.0006379844192634561,0.000541,0.000951,1.1237499999924732,1.045785000143546,1.508629999822908,1.1237499999924732,1.045785000143546,1.508629999822908,1.1231120155732097,1.045203500143546,1.508018999822908,63.94646308923513,63.9550885,65.458206,85.18751134985835,85.1719095,86.915083,20,4,admitted,1
15.0,15.092446417999781,294,294,0,19.4799432681348,51.26526034353741,51.186550499999996,51.676066,50.12662828570386,50.11036650012102,50.142073000642995,0.0005933945578231293,0.000541,0.000931,1.1386320578335558,1.074538500449986,1.3883680006930277,1.1386320578335558,1.074538500449986,1.3883680006930277,1.1380386632757327,1.074122500449986,1.3873360006930278,51.18428994557823,51.2746445,51.82676,102.44955028911565,102.468851,103.824908,50,2,admitted,1
15.0,15.015991617000509,708,708,0,47.14973330155769,21.177678162429377,21.122651,21.490426,20.10998180929621,20.105510999655962,20.143767000263324,0.0006279279661016949,0.000531,0.000961,1.067696353133166,1.0150109999508938,1.3718179998049287,1.067696353133166,1.0150109999508938,1.3718179998049287,1.0670684251670643,1.0143230001115064,1.3711469998049286,0.00282709604519774,0.002675,0.003868,21.180505258474575,21.1251255,21.493071,20,1,admitted,1
15.0,15.009362456999952,2895,2895,0,192.87961152872631,10.348453344386874,10.291844,10.703195,5.098304475641758,5.085143000542303,5.121261000567756,4.413636802763385,4.449789,4.588137,5.250148868745116,5.205475000087606,5.543610000407378,5.250148868745116,5.205475000087606,5.543610000407378,0.8365120659817309,0.7676029995002347,1.2073949995409334,0.0002841865284974093,0.000211,0.000381,10.348737530915372,10.292244,10.703376,5,2,direct,1
15.0,15.07760368000072,745,745,0,49.41103479117077,80.76100150201343,80.888994,81.33713,20.11139031412386,20.107979999920644,20.13760599948,59.56425076644295,59.739067,60.024533,60.64961118788956,60.78122400001659,61.20165699952692,60.64961118788956,60.78122400001659,61.20165699952692,1.0853604214466097,1.045408999613592,1.3702149993860004,0.0003030993288590604,0.00025,0.000501,80.76130460134229,80.889204,81.33755,20,4,direct,1
15.0,15.010262329000398,2541,2541,0,169.2841833344039,5.856663682802046,5.793855,6.231795,5.090599348682646,5.0817579995054984,5.117417000292335,0.000646831955922865,0.000551,0.000882,0.7660643341194002,0.7099530002406507,1.0895820003016397,0.7660643341194002,0.7099530002406507,1.0895820003016397,0.7654175021634774,0.7093009995623804,1.0888300003016396,5.924958047225502,5.856732,6.350383,11.781621730027549,11.657952,12.583568,5,2,admitted,1
15.0,15.0331669039997,743,743,0,49.424050484154385,40.41349500807537,40.413846,40.718938,20.111657121154316,20.10617700034345,20.135170999310503,19.239821092866755,19.284204,19.463399,20.301837886921057,20.310071000080022,20.599616000798513,20.301837886921057,20.310071000080022,20.599616000798513,1.0620167940542988,1.0314309993178021,1.3445799992945204,0.000334399730820996,0.00025,0.000491,40.41382940780619,40.41419,40.719208,20,2,direct,1
15.0,15.019154419999722,2903,2903,0,193.28651392879505,20.66529869066483,20.609426,21.156239,5.0901224791583894,5.084802999590465,5.120939999869734,14.759593514640027,14.775346,15.05484,15.57517621150644,15.521597999477958,16.042131000111084,15.57517621150644,15.521597999477958,16.042131000111084,0.8155826968664123,0.7628029999857304,1.149857999511914,0.00024106958318980366,0.000221,0.000401,20.66553976024802,20.609696,21.1564,5,4,direct,1
15.0,15.002279985999849,707,707,0,47.12617019944792,21.19304164780764,21.153883,21.505216,20.11691259263008,20.108822000111104,20.139889999882143,0.000587968882602546,0.000551,0.000932,1.0761290551775573,1.0440109997864724,1.3814760004580968,1.0761290551775573,1.0440109997864724,1.3814760004580968,1.0755410862949548,1.043525999150266,1.3809240004580967,0.0003124695898161245,0.000251,0.000481,21.193354117397455,21.154194,21.505867,20,1,direct,1
15.0,15.042748476999805,710,710,0,47.198821484357204,21.124472228169015,21.083948,21.514233,20.104342128198226,20.101017000342836,20.133115999669826,0.0006437281690140845,0.000541,0.000942,1.0201300999707867,0.9791364999942189,1.402065000397986,1.0201300999707867,0.9791364999942189,1.402065000397986,1.0194863718017726,0.978644999994219,1.401163000397986,21.17683261549296,21.16138,21.614105,42.301304843661974,42.2500325,43.222198,20,2,admitted,1
15.0,15.00239030099965,2527,2527,0,168.43982520782833,5.91499952314998,5.830694,6.289811,5.094840316994548,5.083420000119077,5.115990999911446,0.0006222960031658092,0.000551,0.000942,0.8201592061554321,0.7457809999023768,1.169391000197975,0.8201592061554321,0.7457809999023768,1.169391000197975,0.8195369101522664,0.745249999818495,1.168819000197975,0.002303416303917689,0.002113,0.003246,5.917302939453898,5.833319,6.292927,5,1,admitted,1
15.0,15.020294334000027,2485,2485,0,165.44282986352266,5.933994318712274,5.870248,6.306375,5.093443952112501,5.084342000372999,5.117814000186627,0.0006228454728370222,0.000561,0.000901,0.840550366599773,0.7838719998815895,1.1771759999414924,0.840550366599773,0.7838719998815895,1.1771759999414924,0.8399275211269359,0.7832470008304097,1.1766849999414923,18.177688198792758,17.992675,19.659733,24.11168251750503,23.894813,25.842424,5,4,admitted,1
15.0,15.013896299999942,293,293,0,19.51525401171188,51.20856275426621,51.173316,51.471041,50.114457252557536,50.110903999666334,50.139177000346535,0.0006142491467576792,0.000521,0.000942,1.0941055017086738,1.0615489992552156,1.3498659994451856,1.0941055017086738,1.0615489992552156,1.3498659994451856,1.093491252561916,1.0610279992552156,1.3491249994451855,0.003019443686006826,0.002674,0.003857,51.21158219795222,51.176221,51.473856,50,1,admitted,2
15.0,15.187594397999419,302,302,0,19.88465006938695,200.1183115728477,200.92959050000002,202.146563,50.138852357658294,50.11331400010022,50.146950999987894,148.82097877483443,149.7409225,150.33653,149.9794592151894,150.81415749983614,151.64557299950954,149.9794592151894,150.81415749983614,151.64557299950954,1.158480440354952,1.0755780004184459,1.6400390002062295,0.0002795,0.00025,0.00047,200.1185910728477,200.9298105,202.146784,50,4,direct,2
15.0,15.000561098999242,2545,2545,0,169.66032025093975,5.876497177603143,5.817536,6.207657,5.09001100863119,5.082818999653682,5.118395999488712,0.0005889469548133596,0.000551,0.000901,0.7864861689719538,0.732796999817845,1.0807370003905863,0.7864861689719538,0.732796999817845,1.0807370003905863,0.7858972220171404,0.7322059998605406,1.0801960003905864,0.0002506098231827112,0.00023,0.000411,5.876747787426326,5.817757,6.207867,5,1,direct,2
15.0,15.154786422000143,295,295,0,19.465797259389262,51.246345881355936,51.204403,51.500325,50.113053118640615,50.110504000258516,50.13708299975406,0.0006006203389830509,0.000531,0.000981,1.133292762715318,1.0926669997204357,1.3706559997633079,1.133292762715318,1.0926669997204357,1.3706559997633079,1.132692142376335,1.0919959997204356,1.370044999763308,153.12436223728812,154.070253,154.979993,204.37070811864407,205.277882,206.372437,50,4,admitted,2
15.0,15.094127716999537,294,294,0,19.477773443568182,51.26983393197279,51.185639,51.591234,50.1237240986094,50.11025799967683,50.141402000008384,0.0005771462585034014,0.000531,0.000931,1.1461098333633863,1.0757665000385863,1.445239000375345,1.1461098333633863,1.0757665000385863,1.445239000375345,1.145532687104883,1.0750249996995822,1.444548000375345,51.191491554421766,51.2706725,51.742017,102.46132548639456,102.4608485,103.385439,50,2,admitted,2
15.0,15.085499587000413,300,300,0,19.88664666157415,100.37430654,100.457558,100.979502,50.121919810001906,50.11177099959241,50.14760500034754,49.08708178,49.253906,49.509869,50.2523867299981,50.34097400007856,50.84963199990838,50.2523867299981,50.34097400007856,50.84963199990838,1.1653049499980972,1.1016070003027494,1.500504999950067,0.0002951366666666667,0.000241,0.000511,100.37460167666667,100.457788,100.979712,50,2,direct,2
15.0,15.037935674999972,708,708,0,47.080930208860025,21.17404507344633,21.124169000000002,21.438311,20.11326331780431,20.105670999782888,20.144021000305656,0.0005927838983050848,0.000551,0.000962,1.0607817556420174,1.014155999613907,1.3074889998726178,1.0607817556420174,1.014155999613907,1.3074889998726178,1.0601889717437123,1.0136949996139069,1.3066369998726177,21.231386922316386,21.2057475,21.572635,42.40543199576271,42.342507999999995,43.138972,20,2,admitted,2
15.0,15.065765156000452,706,706,0,46.86121100983786,21.209763939093484,21.148346,21.627802,20.114641392352734,20.10606200019538,20.13935800005129,0.000664586402266289,0.000561,0.000952,1.0951225467407515,1.0392914996997717,1.4463779997843353,1.0951225467407515,1.0392914996997717,1.4463779997843353,1.0944579603384852,1.0388404994244134,1.4454759997843354,63.90439742634561,63.8717705,65.683342,85.11416136543909,85.0333875,87.120882,20,4,admitted,2
15.0,15.005771928000286,2557,2557,0,170.40109714240828,5.848273530700039,5.783486,6.188572,5.091529519362265,5.082302000118943,5.116862999784644,0.0005896628861947595,0.000551,0.000892,0.7567440113377741,0.6994269992046869,1.0687939995833418,0.7567440113377741,0.6994269992046869,1.0687939995833418,0.7561543484515794,0.6988059992046869,1.0681629995833417,0.002178445443879546,0.001993,0.003046,5.850451976143919,5.78539,6.191066,5,1,admitted,2
15.0,15.015933197999402,293,293,0,19.512606784840845,51.221819351535835,51.157706,51.746358,50.120014361771844,50.10984199998347,50.14315800053737,0.0005672354948805461,0.000521,0.000871,1.1018049897639908,1.046299999720361,1.4606639995102455,1.1018049897639908,1.046299999720361,1.4606639995102455,1.1012377542691103,1.045838999720361,1.4599119995102454,0.0002714232081911263,0.00024,0.000451,51.222090774744025,51.157936,51.746719,50,1,direct,2
15.0,15.061476314999709,744,744,0,49.397548051717294,80.7831126922043,80.8820485,81.482481,20.112902263447292,20.107544499296637,20.14470900030574,59.603576383064514,59.74008,60.19463,60.67021042875701,60.770698999910266,61.315422999930036,60.67021042875701,60.770698999910266,61.315422999930036,1.066634045692493,1.0250269996762142,1.3379350001849915,0.00028347983870967745,0.00025,0.000491,80.78339617204301,80.8822435,81.482731,20,4,direct,2
15.0,15.007868276999943,2900,2900,0,193.23197315399858,10.331390681724137,10.2888775,10.641261,5.093300985872388,5.084061000161455,5.121891999806394,4.431687337586207,4.4597725,4.59764,5.23808969585175,5.202886500304562,5.495548999964978,5.23808969585175,5.202886500304562,5.495548999964978,0.8064023582655427,0.7558355001118056,1.0997529999837115,0.00024411103448275862,0.000221,0.000401,10.33163479275862,10.289099,10.641462,5,2,direct,2
15.0,15.009213995999744,2548,2548,0,169.7623873361452,5.841771686028258,5.7721990000000005,6.207769,5.091759948597001,5.0809859994842554,5.117307000546134,0.0005781452119309262,0.000541,0.000872,0.7500117374312565,0.6891399999763452,1.069453000177977,0.7500117374312565,0.6891399999763452,1.069453000177977,0.7494335922193256,0.6886470000490694,1.0690520001779769,5.907969545133438,5.835288,6.319138,11.749741231161696,11.6134035,12.580626,5,2,admitted,2
15.0,15.020317233999776,2908,2908,0,193.60443289556446,20.632109979711142,20.583908,21.090246,5.0910341784787,5.083410500446917,5.119016999742598,14.778601785763412,14.794621,15.061979,15.541075801232441,15.499909499806666,15.953051999308531,15.541075801232441,15.499909499806666,15.953051999308531,0.7624740154690308,0.7156184999757897,1.0206830005787921,0.00025470082530949106,0.00023,0.000381,20.63236468053645,20.5841835,21.090477,5,4,direct,2
15.0,15.019949106999775,709,709,0,47.20388830542598,21.15897426939351,21.105591,21.591306,20.11087033146747,20.10383200013166,20.134757999585418,0.0006173328631875882,0.000541,0.000911,1.0481039379260402,1.0016879996142585,1.3747230001866875,1.0481039379260402,1.0016879996142585,1.3747230001866875,1.0474866050628526,1.0010070006935494,1.3740120001866876,0.00032344146685472496,0.000241,0.00048,21.15929771086037,21.105832,21.591617,20,1,direct,2
15.0,15.031730563000565,743,743,0,49.42877314664199,40.408687807537014,40.40884,40.720311,20.10955788694251,20.105264999983774,20.138247000431875,19.233060790040376,19.283974,19.482333,20.2991299205945,20.300299000142942,20.604412000183636,20.2991299205945,20.300299000142942,20.604412000183636,1.0660691305541237,1.0276260004000903,1.3463179993167564,0.00028599327052489904,0.00025,0.000461,40.40897380080754,40.409071,40.720552,20,2,direct,2
15.0,15.021560058000432,2519,2519,0,167.69230294814747,5.866171571258436,5.802682,6.177471,5.088899603808217,5.081667000013113,5.112568999720679,0.0006578650258038905,0.000552,0.000902,0.7772719674502189,0.7199959999239676,1.0621339996853463,0.7772719674502189,0.7199959999239676,1.0621339996853463,0.776614102424415,0.7194930003648413,1.0610019996853464,17.926918136165146,17.733032,19.042812,23.79308970742358,23.55073,25.255671,5,4,admitted,2
15.0,15.012729923999359,709,709,0,47.22658727554888,21.14318882087447,21.091936,21.538006,20.10813703105022,20.10328100004699,20.141061999311205,0.000686605077574048,0.000541,0.000992,1.035051789824251,0.9865710000179995,1.3822569993400755,1.035051789824251,0.9865710000179995,1.3822569993400755,1.034365184746677,0.9857799995718785,1.3816159993400756,0.0029418998589562763,0.002644,0.003747,21.146130720733428,21.09432,21.541273,20,1,admitted,2
15.0,15.155746616000215,295,295,0,19.464564001654843,51.241075766101694,51.198393,51.435655,50.11171274915904,50.110782999581716,50.13122200034559,0.0005838677966101695,0.000532,0.000922,1.1293630169426563,1.0895480000386613,1.3154639997416808,1.1293630169426563,1.0895480000386613,1.3154639997416808,1.1287791491460462,1.088911000334539,1.3146819997416808,153.14468606101696,154.030713,155.292607,204.38576182711864,205.239751,206.714762,50,4,admitted,3
15.0,15.017628863000027,709,709,0,47.2111813701038,21.15519317489422,21.119554,21.471263,20.10807268971727,20.105204999708803,20.134268999754568,0.0006979407616361072,0.000531,0.000991,1.0471204851769456,1.012801999995176,1.343079000100932,1.0471204851769456,1.012801999995176,1.343079000100932,1.0464225444153095,1.012040999995176,1.342338000100932,0.0003251184767277856,0.000241,0.000461,21.155518293370946,21.119764,21.471804,20,1,direct,3
15.0,15.01138260300013,2544,2544,0,169.4713982902257,5.849270130503145,5.7869855,6.149258,5.091805007854713,5.081366999547754,5.116821999763488,0.0006176305031446541,0.000551,0.000862,0.7574651226484317,0.7059609996382528,1.0364720004072652,0.7574651226484317,0.7059609996382528,1.0364720004072652,0.756847492145287,0.7053809995854551,1.0359210004072652,5.919698982311321,5.851941999999999,6.267248,11.768969112814466,11.647387,12.471179,5,2,admitted,3
15.0,15.007564810999611,2901,2901,0,193.30251353462407,10.328809707342296,10.278953,10.658728,5.096545827311769,5.082650000076683,5.117574999530916,4.456138461909687,4.49316,4.611139,5.232263880030526,5.194797999690008,5.504094999775257,5.232263880030526,5.194797999690008,5.504094999775257,0.7761254181208402,0.713180000410027,1.097682999903129,0.00025070010341261633,0.000211,0.000371,10.329060407445708,10.279181,10.659038,5,2,direct,3
15.0,15.004122872000153,708,708,0,47.187030260944454,21.161725615819208,21.118446,21.483933,20.112781254243796,20.10541599975113,20.140091000030225,0.0006069223163841808,0.000541,0.000971,1.0489443615754135,1.0110910002805493,1.362670999485772,1.0489443615754135,1.0110910002805493,1.362670999485772,1.0483374392590292,1.0106250002805495,1.3619189994857719,0.002905187853107345,0.002605,0.003888,21.164630803672317,21.121262,21.48736,20,1,admitted,3
15.0,15.001124913999774,2521,2521,0,168.054063575411,5.927077643395478,5.868514,6.287036,5.093405536294153,5.085109999527049,5.122071999721811,0.0006098806029353431,0.000561,0.000921,0.8336721071013256,0.7806860001976936,1.1583009996035658,0.8336721071013256,0.7806860001976936,1.1583009996035658,0.8330622264983902,0.779885999520914,1.1578199996035659,0.0024496790955969854,0.002234,0.003416,5.929527322491075,5.870759,6.290412,5,1,admitted,3
15.0,15.178161299000749,302,302,0,19.897008211388695,200.0022472781457,200.938284,201.42264,50.119154718538766,50.111665000258654,50.14566000045306,148.7248566589404,149.729112,150.021813,149.88309255960692,150.82271549979453,151.29689399953028,149.88309255960692,150.82271549979453,151.29689399953028,1.1582359006665328,1.0865255003231766,1.5902830000797223,0.0002732913907284768,0.000241,0.000441,200.00252056953641,200.938555,201.42291,50,4,direct,3
15.0,15.073360972000046,745,745,0,49.424942544923866,80.73927444026846,80.832291,81.280488,20.112378724837335,20.103551999454794,20.13931900000898,59.605778040268454,59.740333,60.069697,60.626895715431125,60.73101999991101,61.145662999910925,60.626895715431125,60.73101999991101,61.145662999910925,1.0211176751626658,0.9893449999509514,1.3115859997624568,0.00032408724832214765,0.00025,0.000491,80.73959852751678,80.832651,81.280848,20,4,direct,3
15.0,15.09824264100007,294,294,0,19.47246490804351,51.28771521088435,51.211447,51.790978,50.14061246939943,50.11134000005768,50.160366000454815,0.0006044421768707483,0.000541,0.000921,1.1471027414849277,1.096444499825619,1.4248799997009627,1.1471027414849277,1.096444499825619,1.4248799997009627,1.1464982993080568,1.0958404998135611,1.4244389997009628,51.20069119387755,51.305016499999994,51.869825,102.4884064047619,102.5387445,103.603716,50,2,admitted,3
15.0,15.003017430999535,2542,2542,0,169.43258325806306,5.8841032745869395,5.8280845,6.222585,5.09177686350396,5.0834610001402325,5.120109000017692,0.0005967789142407553,0.000551,0.000902,0.7923264110829796,0.74160349980676,1.1009319996898492,0.7923264110829796,0.74160349980676,1.1009319996898492,0.7917296321687388,0.74108600031441,1.1004809996898492,0.00027361093627065305,0.000231,0.000431,5.88437688552321,5.828455,6.222775,5,1,direct,3
15.0,15.018362726000305,2520,2520,0,167.79458892927718,5.8661093,5.8040915,6.18578,5.089785606345224,5.081601999791019,5.113781000545714,0.0006319765873015873,0.000541,0.000891,0.7763236936547763,0.7218905000044962,1.0691139992431369,0.7763236936547763,0.7218905000044962,1.0691139992431369,0.7756917170674748,0.7213845000615837,1.068662999243137,17.913409895238097,17.743477,18.98318,23.779519195238095,23.564674,25.049491,5,4,admitted,3
15.0,15.032822078000208,708,708,0,47.096945359056896,21.16463660875706,21.110542000000002,21.556532,20.112481529654644,20.104190000438393,20.14978799979872,0.0006256596045197741,0.0005254999999999999,0.000902,1.0521550791024195,1.0019114998043523,1.4148629993394088,1.0521550791024195,1.0019114998043523,1.4148629993394088,1.0515294194978997,1.0013034995824253,1.4140619993394088,21.228491259887004,21.191520500000003,21.734573,42.393127868644065,42.313558,43.444161,20,2,admitted,3
15.0,15.081153549000192,300,300,0,19.8923775310204,100.34290040666667,100.45618999999999,100.882,50.12078956327665,50.11333899983583,50.1481840001361,49.04705162333333,49.224501000000004,49.486396,50.22211084339001,50.33986099939193,50.75464499976347,50.22211084339001,50.33986099939193,50.75464499976347,1.1750592200566787,1.1348224992326301,1.4371039995287234,0.00029812333333333334,0.00025,0.000481,100.34319853,100.45643050000001,100.882651,50,2,direct,3
15.0,15.016294582999762,2903,2903,0,193.32332513551927,20.660183940750947,20.607883,21.059329,5.091995653459798,5.084843000076944,5.120994000208157,14.75601308095074,14.767362,15.01325,15.568188287291148,15.521126999795761,15.943470000004051,15.568188287291148,15.521126999795761,15.943470000004051,0.8121752063404085,0.7709380001955388,1.0779900000475422,0.0002607020323802962,0.00023,0.000421,20.66044464278333,20.608103,21.059559,5,4,direct,3
15.0,15.01591930199993,293,293,0,19.512624842155095,51.21524672354949,51.168199,51.534639,50.114842610925855,50.11034299968742,50.13313499966898,0.0005806348122866894,0.000531,0.000951,1.1004041126236328,1.057443000375919,1.3787720005034956,1.1004041126236328,1.057443000375919,1.3787720005034956,1.099823477811346,1.056592000375919,1.3781310005034957,0.00306760409556314,0.002815,0.004177,51.218314327645054,51.170858,51.537425,50,1,admitted,3
15.0,15.068294452999908,709,709,0,47.05243862943274,21.136663045133993,21.091646,21.540251,20.114043267988837,20.101791999877605,20.140089999586053,0.0008558152327221439,0.000531,0.000971,1.0226197771451548,0.9859219993975046,1.3812760003969515,1.0226197771451548,0.9859219993975046,1.3812760003969515,1.0217639619124328,0.9850309998671162,1.3806350003969516,63.63754638222849,63.704475,65.151832,84.77420942736248,84.832618,86.540844,20,4,admitted,3
15.0,15.009662985000432,293,293,0,19.520758080498073,51.20060777474403,51.160552,51.446469,50.11541761431399,50.10814900015248,50.13517000043066,0.0005854061433447099,0.00053,0.000902,1.085190160430039,1.0533530003346314,1.3256429998071582,1.085190160430039,1.0533530003346314,1.3256429998071582,1.0846047542866943,1.0528920003346314,1.3248819998071582,0.0002736689419795222,0.000241,0.000471,51.20088144368601,51.160813,51.44685,50,1,direct,3
15.0,15.036524666999867,743,743,0,49.41301374184129,40.42265541857335,40.391145,40.758866,20.10611442664404,20.1017489998776,20.137136999437644,19.28137996769852,19.318649,19.524152,20.316540991929312,20.28988699980195,20.631873000605864,20.316540991929312,20.28988699980195,20.631873000605864,1.0351610242307914,0.9863590002047893,1.3966649999976504,0.0002785181695827725,0.00025,0.00047,40.422933936742936,40.391495,40.759087,20,2,direct,3
