mode,context,concurrency,n_runs,requests,failures,mean_tps,median_tps,mean_tps_ci95,min_tps,max_tps,median_run_client_ms,median_run_ttft_ms,decode_queue_ms,decode_residual_ms,decode_queue_fraction_of_residual
pipeline-2x1t,32,1,1,2,0,2.6454410851962735,2.6454410851962735,"[None, None]",2.6454410851962735,2.6454410851962735,3023.8443279999956,1201.6555959999498,0.04532300044957083,59.77151100046285,0.0007582709503398678
pipeline-2x1t,32,2,1,2,0,3.5027898353856957,3.5027898353856957,"[None, None]",3.5027898353856957,3.5027898353856957,4492.932368500078,1423.2907364999419,1059.726141000283,1195.5156959995747,0.8864175891176755
pipeline-2x1t,32,8,1,8,0,3.5982105956353645,3.5982105956353645,"[None, None]",3.5982105956353645,3.5982105956353645,17204.63371900007,4076.8409420000426,82616.98306100015,83347.70603999846,0.991232836346478
replicas-2x1t,32,1,1,2,0,2.6540576175711115,2.6540576175711115,"[None, None]",2.6540576175711115,2.6540576175711115,3013.102136000157,1071.8597880000566,0.017235000086657237,49.041897000051904,0.00035143420505611756
replicas-2x1t,32,2,1,2,0,3.917809656168953,3.917809656168953,"[None, None]",3.917809656168953,3.917809656168953,3951.3244350000605,1525.1012569999953,0.021468999875651207,54.30629900047279,0.00039533167000506327
replicas-2x1t,32,8,1,8,0,3.900562773544386,3.900562773544386,"[None, None]",3.900562773544386,3.900562773544386,9922.420029500017,7407.913333499973,0.08486799970341963,168.99132199910127,0.0005022033007344068
unsplit-1t,32,1,1,2,0,5.403495069092637,5.403495069092637,"[None, None]",5.403495069092637,5.403495069092637,1480.377047500042,532.2553810000635,0.012071000810465193,13.963042000114001,0.00086449649083392
unsplit-1t,32,2,1,2,0,3.305988595952986,3.305988595952986,"[None, None]",3.305988595952986,3.305988595952986,4739.883287499993,1153.7305959999499,3867.1892029999526,3928.892004999625,0.9842951137569692
unsplit-1t,32,8,1,8,0,3.0725800556246923,3.0725800556246923,"[None, None]",3.0725800556246923,3.0725800556246923,20382.13805500004,4792.530526000008,112972.7845829998,113291.05839300019,0.9971906537504812
unsplit-2t,32,1,1,2,0,4.030314499181309,4.030314499181309,"[None, None]",4.030314499181309,4.030314499181309,1984.7624820000647,995.5806310000345,0.013355999726627488,14.650989000074333,0.0009116107947770437
unsplit-2t,32,2,1,2,0,4.081706061295388,4.081706061295388,"[None, None]",4.081706061295388,4.081706061295388,3849.3084274999774,1486.8456614999393,2747.8091880000193,2774.682895000751,0.9903146744987864
unsplit-2t,32,8,1,8,0,4.094255312428927,4.094255312428927,"[None, None]",4.094255312428927,4.094255312428927,15145.923553999979,4389.050491500146,78117.01510199987,78221.55772099996,0.9986635063012556
