context,speed_b,link_ms,endpoints,context_table,chosen_split,oracle_split,estimated_bottleneck_ms,reference_evaluated_bottleneck_ms,reference_optimal_bottleneck_ms,reference_regret_frac,reference_pipeline_ms
128,1,0.5,false,false,"[[0,14],[14,28]]","[[0,18],[18,28]]",78.2,122,99.99,0.220122012201,199.79
128,1,0.5,false,true,"[[0,14],[14,28]]","[[0,18],[18,28]]",78.2,122,99.99,0.220122012201,199.79
128,1,0.5,true,false,"[[0,18],[18,28]]","[[0,18],[18,28]]",99.99,99.99,99.99,0,199.79
128,1,0.5,true,true,"[[0,18],[18,28]]","[[0,18],[18,28]]",99.99,99.99,99.99,0,199.79
128,1,10,false,false,"[[0,15],[15,28]]","[[0,19],[19,28]]",83.25,125.95,105.54,0.193386393784,209.29
128,1,10,false,true,"[[0,15],[15,28]]","[[0,19],[19,28]]",83.25,125.95,105.54,0.193386393784,209.29
128,1,10,true,false,"[[0,19],[19,28]]","[[0,19],[19,28]]",105.54,105.54,105.54,0,209.29
128,1,10,true,true,"[[0,19],[19,28]]","[[0,19],[19,28]]",105.54,105.54,105.54,0,209.29
128,1,80,false,false,"[[0,21],[21,28]]","[[0,25],[25,28]]",118.85,162.65,140.45,0.158063367747,279.29
128,1,80,false,true,"[[0,21],[21,28]]","[[0,25],[25,28]]",118.85,162.65,140.45,0.158063367747,279.29
128,1,80,true,false,"[[0,25],[25,28]]","[[0,25],[25,28]]",140.45,140.45,140.45,0,279.29
128,1,80,true,true,"[[0,25],[25,28]]","[[0,25],[25,28]]",140.45,140.45,140.45,0,279.29
128,0.93,0.5,false,false,"[[0,15],[15,28]]","[[0,19],[19,28]]",83.25,125.177419355,105.54,0.186066129949,208.517419355
128,0.93,0.5,false,true,"[[0,15],[15,28]]","[[0,19],[19,28]]",83.25,125.177419355,105.54,0.186066129949,208.517419355
128,0.93,0.5,true,false,"[[0,19],[19,28]]","[[0,19],[19,28]]",105.54,105.54,105.54,0,206.846451613
128,0.93,0.5,true,true,"[[0,19],[19,28]]","[[0,19],[19,28]]",105.54,105.54,105.54,0,206.846451613
128,0.93,10,false,false,"[[0,15],[15,28]]","[[0,19],[19,28]]",87.5806451613,134.677419355,110.806451613,0.215429403202,218.017419355
128,0.93,10,false,true,"[[0,15],[15,28]]","[[0,19],[19,28]]",87.5806451613,134.677419355,110.806451613,0.215429403202,218.017419355
128,0.93,10,true,false,"[[0,19],[19,28]]","[[0,19],[19,28]]",110.806451613,110.806451613,110.806451613,0,216.346451613
128,0.93,10,true,true,"[[0,19],[19,28]]","[[0,19],[19,28]]",110.806451613,110.806451613,110.806451613,0,216.346451613
128,0.93,80,false,false,"[[0,21],[21,28]]","[[0,26],[26,28]]",121.774193548,168.870967742,144.39,0.169547529205,285.510967742
128,0.93,80,false,true,"[[0,21],[21,28]]","[[0,26],[26,28]]",121.774193548,168.870967742,144.39,0.169547529205,285.510967742
128,0.93,80,true,false,"[[0,26],[26,28]]","[[0,26],[26,28]]",144.39,144.39,144.39,0,283.422258065
128,0.93,80,true,true,"[[0,26],[26,28]]","[[0,26],[26,28]]",144.39,144.39,144.39,0,283.422258065
128,0.8,0.5,false,false,"[[0,16],[16,28]]","[[0,20],[20,28]]",88.8,138.5,111.09,0.246736880007,227.39
128,0.8,0.5,false,true,"[[0,16],[16,28]]","[[0,20],[20,28]]",88.8,138.5,111.09,0.246736880007,227.39
128,0.8,0.5,true,false,"[[0,20],[20,28]]","[[0,20],[20,28]]",111.09,111.09,111.09,0,221.84
128,0.8,0.5,true,true,"[[0,20],[20,28]]","[[0,20],[20,28]]",111.09,111.09,111.09,0,221.84
128,0.8,10,false,false,"[[0,16],[16,28]]","[[0,21],[21,28]]",93.25,148,116.64,0.268861454047,236.89
128,0.8,10,false,true,"[[0,16],[16,28]]","[[0,21],[21,28]]",93.25,148,116.64,0.268861454047,236.89
128,0.8,10,true,false,"[[0,21],[21,28]]","[[0,21],[21,28]]",116.64,116.64,116.64,0,229.9525
128,0.8,10,true,true,"[[0,21],[21,28]]","[[0,21],[21,28]]",116.64,116.64,116.64,0,229.9525
128,0.8,80,false,false,"[[0,22],[22,28]]","[[0,26],[26,28]]",122.1,176.375,148.625,0.186711522288,298.565
128,0.8,80,false,true,"[[0,22],[22,28]]","[[0,26],[26,28]]",122.1,176.375,148.625,0.186711522288,298.565
128,0.8,80,true,false,"[[0,26],[26,28]]","[[0,26],[26,28]]",148.625,148.625,148.625,0,293.015
128,0.8,80,true,true,"[[0,26],[26,28]]","[[0,26],[26,28]]",148.625,148.625,148.625,0,293.015
128,0.7,0.5,false,false,"[[0,17],[17,28]]","[[0,21],[21,28]]",94.35,150.285714286,118.571428571,0.267469879518,244.725714286
128,0.7,0.5,false,true,"[[0,17],[17,28]]","[[0,21],[21,28]]",94.35,150.285714286,118.571428571,0.267469879518,244.725714286
128,0.7,0.5,true,false,"[[0,21],[21,28]]","[[0,21],[21,28]]",118.571428571,118.571428571,118.571428571,0,235.211428571
128,0.7,0.5,true,true,"[[0,21],[21,28]]","[[0,21],[21,28]]",118.571428571,118.571428571,118.571428571,0,235.211428571
128,0.7,10,false,false,"[[0,17],[17,28]]","[[0,22],[22,28]]",97.2142857143,159.785714286,122.19,0.307682414974,254.225714286
128,0.7,10,false,true,"[[0,17],[17,28]]","[[0,22],[22,28]]",97.2142857143,159.785714286,122.19,0.307682414974,254.225714286
128,0.7,10,true,false,"[[0,22],[22,28]]","[[0,22],[22,28]]",122.19,122.19,122.19,0,242.332857143
128,0.7,10,true,true,"[[0,22],[22,28]]","[[0,22],[22,28]]",122.19,122.19,122.19,0,242.332857143
128,0.7,80,false,false,"[[0,22],[22,28]]","[[0,27],[27,28]]",127.571428571,190.142857143,150.5,0.263407688657,312.332857143
128,0.7,80,false,true,"[[0,22],[22,28]]","[[0,27],[27,28]]",127.571428571,190.142857143,150.5,0.263407688657,312.332857143
128,0.7,80,true,false,"[[0,27],[27,28]]","[[0,27],[27,28]]",150.5,150.5,150.5,0,300.44
128,0.7,80,true,true,"[[0,27],[27,28]]","[[0,27],[27,28]]",150.5,150.5,150.5,0,300.44
128,0.5,0.5,false,false,"[[0,19],[19,28]]","[[0,24],[24,28]]",105.45,188,133.29,0.41045839898,293.54
128,0.5,0.5,false,true,"[[0,19],[19,28]]","[[0,24],[24,28]]",105.45,188,133.29,0.41045839898,293.54
128,0.5,0.5,true,false,"[[0,24],[24,28]]","[[0,24],[24,28]]",133.29,133.29,133.29,0,265.79
128,0.5,0.5,true,true,"[[0,24],[24,28]]","[[0,24],[24,28]]",133.29,133.29,133.29,0,265.79
128,0.5,10,false,false,"[[0,19],[19,28]]","[[0,25],[25,28]]",109.9,197.5,138.84,0.422500720254,303.04
128,0.5,10,false,true,"[[0,19],[19,28]]","[[0,25],[25,28]]",109.9,197.5,138.84,0.422500720254,303.04
128,0.5,10,true,false,"[[0,25],[25,28]]","[[0,25],[25,28]]",138.84,138.84,138.84,0,269.74
128,0.5,10,true,true,"[[0,25],[25,28]]","[[0,25],[25,28]]",138.84,138.84,138.84,0,269.74
128,0.5,80,false,false,"[[0,24],[24,28]]","[[0,27],[27,28]]",133.2,212,178.7,0.186345831002,345.29
128,0.5,80,false,true,"[[0,24],[24,28]]","[[0,27],[27,28]]",133.2,212,178.7,0.186345831002,345.29
128,0.5,80,true,false,"[[0,27],[27,28]]","[[0,27],[27,28]]",178.7,178.7,178.7,0,328.64
128,0.5,80,true,true,"[[0,27],[27,28]]","[[0,27],[27,28]]",178.7,178.7,178.7,0,328.64
512,1,0.5,false,false,"[[0,14],[14,28]]","[[0,18],[18,28]]",78.2,131.8,112.59,0.170619060307,219.39
512,1,0.5,false,true,"[[0,14],[14,28]]","[[0,18],[18,28]]",88,131.8,112.59,0.170619060307,219.39
512,1,0.5,true,false,"[[0,18],[18,28]]","[[0,18],[18,28]]",99.99,112.59,112.59,0,219.39
512,1,0.5,true,true,"[[0,18],[18,28]]","[[0,18],[18,28]]",112.59,112.59,112.59,0,219.39
512,1,10,false,false,"[[0,15],[15,28]]","[[0,18],[18,28]]",83.25,135.05,116.3,0.161220980224,228.89
512,1,10,false,true,"[[0,15],[15,28]]","[[0,18],[18,28]]",93.75,135.05,116.3,0.161220980224,228.89
512,1,10,true,false,"[[0,19],[19,28]]","[[0,18],[18,28]]",105.54,118.84,116.3,0.0218400687876,228.89
512,1,10,true,true,"[[0,18],[18,28]]","[[0,18],[18,28]]",116.3,116.3,116.3,0,228.89
512,1,80,false,false,"[[0,21],[21,28]]","[[0,24],[24,28]]",118.85,167.55,150.09,0.116330201879,298.89
512,1,80,false,true,"[[0,20],[20,28]]","[[0,24],[24,28]]",130,173.8,150.09,0.157971883537,298.89
512,1,80,true,false,"[[0,25],[25,28]]","[[0,24],[24,28]]",140.45,156.34,150.09,0.0416416816577,298.89
512,1,80,true,true,"[[0,24],[24,28]]","[[0,24],[24,28]]",150.09,150.09,150.09,0,298.89
512,0.93,0.5,false,false,"[[0,15],[15,28]]","[[0,18],[18,28]]",83.25,134.962365591,114.801075269,0.175619350911,228.802365591
512,0.93,0.5,false,true,"[[0,15],[15,28]]","[[0,18],[18,28]]",93.75,134.962365591,114.801075269,0.175619350911,228.802365591
512,0.93,0.5,true,false,"[[0,19],[19,28]]","[[0,18],[18,28]]",105.54,118.84,114.801075269,0.0351819416475,226.920645161
512,0.93,0.5,true,true,"[[0,18],[18,28]]","[[0,18],[18,28]]",114.801075269,114.801075269,114.801075269,0,227.391075269
512,0.93,10,false,false,"[[0,15],[15,28]]","[[0,19],[19,28]]",87.5806451613,144.462365591,118.84,0.215603884142,238.302365591
512,0.93,10,false,true,"[[0,15],[15,28]]","[[0,19],[19,28]]",97.3655913978,144.462365591,118.84,0.215603884142,238.302365591
512,0.93,10,true,false,"[[0,19],[19,28]]","[[0,19],[19,28]]",110.806451613,118.84,118.84,0,236.420645161
512,0.93,10,true,true,"[[0,19],[19,28]]","[[0,19],[19,28]]",118.84,118.84,118.84,0,236.420645161
512,0.93,80,false,false,"[[0,21],[21,28]]","[[0,24],[24,28]]",121.774193548,174.139784946,153.978494624,0.13093575419,305.479784946
512,0.93,80,false,true,"[[0,21],[21,28]]","[[0,24],[24,28]]",131.25,174.139784946,153.978494624,0.13093575419,305.479784946
512,0.93,80,true,false,"[[0,26],[26,28]]","[[0,24],[24,28]]",144.39,162.59,153.978494624,0.0559266759777,303.127634409
512,0.93,80,true,true,"[[0,24],[24,28]]","[[0,24],[24,28]]",153.978494624,153.978494624,153.978494624,0,304.068494624
512,0.8,0.5,false,false,"[[0,16],[16,28]]","[[0,20],[20,28]]",88.8,149,125.09,0.191142377488,249.09
512,0.8,0.5,false,true,"[[0,16],[16,28]]","[[0,20],[20,28]]",100,149,125.09,0.191142377488,249.09
512,0.8,0.5,true,false,"[[0,20],[20,28]]","[[0,20],[20,28]]",111.09,125.09,125.09,0,242.84
512,0.8,0.5,true,true,"[[0,20],[20,28]]","[[0,20],[20,28]]",125.09,125.09,125.09,0,242.84
512,0.8,10,false,false,"[[0,16],[16,28]]","[[0,20],[20,28]]",93.25,158.5,127.25,0.24557956778,258.59
512,0.8,10,false,true,"[[0,16],[16,28]]","[[0,20],[20,28]]",103.75,158.5,127.25,0.24557956778,258.59
512,0.8,10,true,false,"[[0,21],[21,28]]","[[0,20],[20,28]]",116.64,131.34,127.25,0.032141453831,250.7775
512,0.8,10,true,true,"[[0,20],[20,28]]","[[0,20],[20,28]]",127.25,127.25,127.25,0,252.34
512,0.8,80,false,false,"[[0,22],[22,28]]","[[0,25],[25,28]]",122.1,181.625,158.1875,0.148162781509,319.215
512,0.8,80,false,true,"[[0,21],[21,28]]","[[0,25],[25,28]]",134.6875,189.4375,158.1875,0.197550375346,320.7775
512,0.8,80,true,false,"[[0,26],[26,28]]","[[0,25],[25,28]]",148.625,162.59,158.1875,0.0278308968787,312.965
512,0.8,80,true,true,"[[0,25],[25,28]]","[[0,25],[25,28]]",158.1875,158.1875,158.1875,0,314.5275
512,0.7,0.5,false,false,"[[0,17],[17,28]]","[[0,21],[21,28]]",94.35,161.285714286,131.34,0.228001479258,267.625714286
512,0.7,0.5,false,true,"[[0,17],[17,28]]","[[0,21],[21,28]]",106.25,161.285714286,131.34,0.228001479258,267.625714286
512,0.7,0.5,true,false,"[[0,21],[21,28]]","[[0,21],[21,28]]",118.571428571,131.34,131.34,0,256.911428571
512,0.7,0.5,true,true,"[[0,21],[21,28]]","[[0,21],[21,28]]",131.34,131.34,131.34,0,256.911428571
512,0.7,10,false,false,"[[0,17],[17,28]]","[[0,21],[21,28]]",97.2142857143,170.785714286,135.071428571,0.264410364886,277.125714286
512,0.7,10,false,true,"[[0,17],[17,28]]","[[0,21],[21,28]]",108.214285714,170.785714286,135.071428571,0.264410364886,277.125714286
512,0.7,10,true,false,"[[0,22],[22,28]]","[[0,21],[21,28]]",122.19,137.59,135.071428571,0.0186462189318,263.732857143
512,0.7,10,true,true,"[[0,21],[21,28]]","[[0,21],[21,28]]",135.071428571,135.071428571,135.071428571,0,266.411428571
512,0.7,80,false,false,"[[0,22],[22,28]]","[[0,26],[26,28]]",127.571428571,196.142857143,162.59,0.206364826514,333.732857143
512,0.7,80,false,true,"[[0,22],[22,28]]","[[0,26],[26,28]]",137.5,196.142857143,162.59,0.206364826514,333.732857143
512,0.7,80,true,false,"[[0,27],[27,28]]","[[0,26],[26,28]]",150.5,168.84,162.59,0.0384402484778,320.34
512,0.7,80,true,true,"[[0,26],[26,28]]","[[0,26],[26,28]]",162.59,162.59,162.59,0,323.018571429
512,0.5,0.5,false,false,"[[0,19],[19,28]]","[[0,24],[24,28]]",105.45,200.6,150.09,0.336531414485,319.44
512,0.5,0.5,false,true,"[[0,19],[19,28]]","[[0,24],[24,28]]",118.75,200.6,150.09,0.336531414485,319.44
512,0.5,0.5,true,false,"[[0,24],[24,28]]","[[0,24],[24,28]]",133.29,150.09,150.09,0,288.19
512,0.5,0.5,true,true,"[[0,24],[24,28]]","[[0,24],[24,28]]",150.09,150.09,150.09,0,288.19
512,0.5,10,false,false,"[[0,19],[19,28]]","[[0,24],[24,28]]",109.9,210.1,150.09,0.399826770604,328.94
512,0.5,10,false,true,"[[0,19],[19,28]]","[[0,24],[24,28]]",122.5,210.1,150.09,0.399826770604,328.94
512,0.5,10,true,false,"[[0,25],[25,28]]","[[0,24],[24,28]]",138.84,156.34,150.09,0.0416416816577,291.44
512,0.5,10,true,true,"[[0,24],[24,28]]","[[0,24],[24,28]]",150.09,150.09,150.09,0,297.69
512,0.5,80,false,false,"[[0,24],[24,28]]","[[0,27],[27,28]]",133.2,217.6,180.1,0.208217656857,367.69
512,0.5,80,false,true,"[[0,23],[23,28]]","[[0,27],[27,28]]",143.75,230.1,180.1,0.277623542476,373.94
512,0.5,80,true,false,"[[0,27],[27,28]]","[[0,27],[27,28]]",178.7,180.1,180.1,0,348.94
512,0.5,80,true,true,"[[0,27],[27,28]]","[[0,27],[27,28]]",180.1,180.1,180.1,0,348.94
1024,1,0.5,false,false,"[[0,14],[14,28]]","[[0,17],[17,28]]",78.2,144.82,123.28,0.174724205062,245.43
1024,1,0.5,false,true,"[[0,14],[14,28]]","[[0,17],[17,28]]",101.02,144.82,123.28,0.174724205062,245.43
1024,1,0.5,true,false,"[[0,18],[18,28]]","[[0,17],[17,28]]",99.99,129.33,123.28,0.0490752757949,245.43
1024,1,0.5,true,true,"[[0,17],[17,28]]","[[0,17],[17,28]]",123.28,123.28,123.28,0,245.43
1024,1,10,false,false,"[[0,15],[15,28]]","[[0,18],[18,28]]",83.25,147.14,129.33,0.137709734787,254.93
1024,1,10,false,true,"[[0,15],[15,28]]","[[0,18],[18,28]]",107.7,147.14,129.33,0.137709734787,254.93
1024,1,10,true,false,"[[0,19],[19,28]]","[[0,18],[18,28]]",105.54,136.51,129.33,0.0555168947653,254.93
1024,1,10,true,true,"[[0,18],[18,28]]","[[0,18],[18,28]]",129.33,129.33,129.33,0,254.93
1024,1,80,false,false,"[[0,21],[21,28]]","[[0,23],[23,28]]",118.85,174.06,165.23,0.0534406584761,324.93
1024,1,80,false,true,"[[0,20],[20,28]]","[[0,23],[23,28]]",143.6,181.24,165.23,0.0968952369424,324.93
1024,1,80,true,false,"[[0,25],[25,28]]","[[0,23],[23,28]]",140.45,179.59,165.23,0.0869091569328,324.93
1024,1,80,true,true,"[[0,23],[23,28]]","[[0,23],[23,28]]",165.23,165.23,165.23,0,324.93
1024,0.93,0.5,false,false,"[[0,15],[15,28]]","[[0,18],[18,28]]",83.25,147.962365591,129.33,0.144068395511,255.752365591
1024,0.93,0.5,false,true,"[[0,15],[15,28]]","[[0,18],[18,28]]",107.7,147.962365591,129.33,0.144068395511,255.752365591
1024,0.93,0.5,true,false,"[[0,19],[19,28]]","[[0,18],[18,28]]",105.54,136.51,129.33,0.0555168947653,253.590645161
1024,0.93,0.5,true,true,"[[0,18],[18,28]]","[[0,18],[18,28]]",129.33,129.33,129.33,0,254.131075269
1024,0.93,10,false,false,"[[0,15],[15,28]]","[[0,18],[18,28]]",87.5806451613,157.462365591,134.301075269,0.172457966373,265.252365591
1024,0.93,10,false,true,"[[0,15],[15,28]]","[[0,18],[18,28]]",110.365591398,157.462365591,134.301075269,0.172457966373,265.252365591
1024,0.93,10,true,false,"[[0,19],[19,28]]","[[0,18],[18,28]]",110.806451613,136.51,134.301075269,0.0164475580464,263.090645161
1024,0.93,10,true,true,"[[0,18],[18,28]]","[[0,18],[18,28]]",134.301075269,134.301075269,134.301075269,0,263.631075269
1024,0.93,80,false,false,"[[0,21],[21,28]]","[[0,23],[23,28]]",121.774193548,181.139784946,165.698924731,0.0931862426995,332.009784946
1024,0.93,80,false,true,"[[0,20],[20,28]]","[[0,23],[23,28]]",143.6,188.860215054,165.698924731,0.139779364049,332.550215054
1024,0.93,80,true,false,"[[0,26],[26,28]]","[[0,23],[23,28]]",144.39,186.77,165.698924731,0.127164828034,329.307634409
1024,0.93,80,true,true,"[[0,23],[23,28]]","[[0,23],[23,28]]",165.698924731,165.698924731,165.698924731,0,330.928924731
1024,0.8,0.5,false,false,"[[0,16],[16,28]]","[[0,19],[19,28]]",88.8,162.95,136.51,0.19368544429,277.92
1024,0.8,0.5,false,true,"[[0,16],[16,28]]","[[0,19],[19,28]]",114.88,162.95,136.51,0.19368544429,277.92
1024,0.8,0.5,true,false,"[[0,20],[20,28]]","[[0,19],[19,28]]",111.09,143.69,136.51,0.0525968793495,270.74
1024,0.8,0.5,true,true,"[[0,19],[19,28]]","[[0,19],[19,28]]",136.51,136.51,136.51,0,272.535
1024,0.8,10,false,false,"[[0,16],[16,28]]","[[0,20],[20,28]]",93.25,172.45,143.69,0.200153107384,287.42
1024,0.8,10,false,true,"[[0,16],[16,28]]","[[0,20],[20,28]]",117.7,172.45,143.69,0.200153107384,287.42
1024,0.8,10,true,false,"[[0,21],[21,28]]","[[0,20],[20,28]]",116.64,150.87,143.69,0.0499686825806,278.445
1024,0.8,10,true,true,"[[0,20],[20,28]]","[[0,20],[20,28]]",143.69,143.69,143.69,0,280.24
1024,0.8,80,false,false,"[[0,22],[22,28]]","[[0,24],[24,28]]",122.1,188.6,172.41,0.0939040658894,346.65
1024,0.8,80,false,true,"[[0,21],[21,28]]","[[0,24],[24,28]]",150.78,197.575,172.41,0.145960211125,348.445
1024,0.8,80,true,false,"[[0,26],[26,28]]","[[0,24],[24,28]]",148.625,186.77,172.41,0.0832898323763,339.47
1024,0.8,80,true,true,"[[0,24],[24,28]]","[[0,24],[24,28]]",172.41,172.41,172.41,0,343.06
1024,0.7,0.5,false,false,"[[0,17],[17,28]]","[[0,20],[20,28]]",94.35,175.9,145.128571429,0.212028742987,298.05
1024,0.7,0.5,false,true,"[[0,17],[17,28]]","[[0,20],[20,28]]",122.06,175.9,145.128571429,0.212028742987,298.05
1024,0.7,0.5,true,false,"[[0,21],[21,28]]","[[0,20],[20,28]]",118.571428571,150.87,145.128571429,0.0395609804115,285.741428571
1024,0.7,0.5,true,true,"[[0,20],[20,28]]","[[0,20],[20,28]]",145.128571429,145.128571429,145.128571429,0,288.818571429
1024,0.7,10,false,false,"[[0,17],[17,28]]","[[0,21],[21,28]]",97.2142857143,185.4,150.87,0.228872539272,307.55
1024,0.7,10,false,true,"[[0,17],[17,28]]","[[0,21],[21,28]]",122.828571429,185.4,150.87,0.228872539272,307.55
1024,0.7,10,true,false,"[[0,22],[22,28]]","[[0,21],[21,28]]",122.19,158.05,150.87,0.0475906409492,292.164285714
1024,0.7,10,true,true,"[[0,21],[21,28]]","[[0,21],[21,28]]",150.87,150.87,150.87,0,295.241428571
1024,0.7,80,false,false,"[[0,22],[22,28]]","[[0,25],[25,28]]",127.571428571,204.114285714,179.59,0.136557078425,362.164285714
1024,0.7,80,false,true,"[[0,21],[21,28]]","[[0,25],[25,28]]",151.8,214.371428571,179.59,0.193671298911,365.241428571
1024,0.7,80,true,false,"[[0,27],[27,28]]","[[0,25],[25,28]]",150.5,193.95,179.59,0.0799599086809,346.778571429
1024,0.7,80,true,true,"[[0,25],[25,28]]","[[0,25],[25,28]]",179.59,179.59,179.59,0,352.932857143
1024,0.5,0.5,false,false,"[[0,19],[19,28]]","[[0,23],[23,28]]",105.45,217.34,165.23,0.315378563215,353.85
1024,0.5,0.5,false,true,"[[0,19],[19,28]]","[[0,23],[23,28]]",136.42,217.34,165.23,0.315378563215,353.85
1024,0.5,0.5,true,false,"[[0,24],[24,28]]","[[0,23],[23,28]]",133.29,172.41,165.23,0.0434545784664,317.95
1024,0.5,0.5,true,true,"[[0,23],[23,28]]","[[0,23],[23,28]]",165.23,165.23,165.23,0,325.13
1024,0.5,10,false,false,"[[0,19],[19,28]]","[[0,23],[23,28]]",109.9,226.84,169.4,0.339079102715,363.35
1024,0.5,10,false,true,"[[0,19],[19,28]]","[[0,23],[23,28]]",139.24,226.84,169.4,0.339079102715,363.35
1024,0.5,10,true,false,"[[0,25],[25,28]]","[[0,23],[23,28]]",138.84,179.59,169.4,0.0601534828808,320.27
1024,0.5,10,true,true,"[[0,23],[23,28]]","[[0,23],[23,28]]",169.4,169.4,169.4,0,334.63
1024,0.5,80,false,false,"[[0,24],[24,28]]","[[0,27],[27,28]]",133.2,225.04,193.95,0.160299046146,397.45
1024,0.5,80,false,true,"[[0,23],[23,28]]","[[0,27],[27,28]]",165.14,239.4,193.95,0.2343387471,404.63
1024,0.5,80,true,false,"[[0,27],[27,28]]","[[0,27],[27,28]]",178.7,193.95,193.95,0,375.91
1024,0.5,80,true,true,"[[0,27],[27,28]]","[[0,27],[27,28]]",193.95,193.95,193.95,0,375.91
2048,1,0.5,false,false,"[[0,14],[14,28]]","[[0,16],[16,28]]",78.2,177.16,158.18,0.119989884941,310.11
2048,1,0.5,false,true,"[[0,14],[14,28]]","[[0,16],[16,28]]",133.36,177.16,158.18,0.119989884941,310.11
2048,1,0.5,true,false,"[[0,18],[18,28]]","[[0,16],[16,28]]",99.99,170.91,158.18,0.080477936528,310.11
2048,1,0.5,true,true,"[[0,16],[16,28]]","[[0,16],[16,28]]",158.18,158.18,158.18,0,310.11
2048,1,10,false,false,"[[0,15],[15,28]]","[[0,17],[17,28]]",83.25,177.17,161.42,0.0975715524718,319.61
2048,1,10,false,true,"[[0,15],[15,28]]","[[0,17],[17,28]]",142.35,177.17,161.42,0.0975715524718,319.61
2048,1,10,true,false,"[[0,19],[19,28]]","[[0,17],[17,28]]",105.54,180.4,161.42,0.117581464503,319.61
2048,1,10,true,true,"[[0,17],[17,28]]","[[0,17],[17,28]]",161.42,161.42,161.42,0,319.61
2048,1,80,false,false,"[[0,21],[21,28]]","[[0,21],[21,28]]",118.85,199.38,199.38,0,389.61
2048,1,80,false,true,"[[0,18],[18,28]]","[[0,21],[21,28]]",174.9,218.7,199.38,0.0969003912128,389.61
2048,1,80,true,false,"[[0,25],[25,28]]","[[0,21],[21,28]]",140.45,237.34,199.38,0.19039020965,389.61
2048,1,80,true,true,"[[0,21],[21,28]]","[[0,21],[21,28]]",199.38,199.38,199.38,0,389.61
2048,0.93,0.5,false,false,"[[0,15],[15,28]]","[[0,17],[17,28]]",83.25,180.252688172,161.42,0.116668864899,322.692688172
2048,0.93,0.5,false,true,"[[0,15],[15,28]]","[[0,17],[17,28]]",142.35,180.252688172,161.42,0.116668864899,322.692688172
2048,0.93,0.5,true,false,"[[0,19],[19,28]]","[[0,17],[17,28]]",105.54,180.4,161.42,0.117581464503,319.835483871
2048,0.93,0.5,true,true,"[[0,17],[17,28]]","[[0,17],[17,28]]",161.42,161.42,161.42,0,321.264086022
2048,0.93,10,false,false,"[[0,15],[15,28]]","[[0,17],[17,28]]",87.5806451613,189.752688172,169.344086022,0.120515588291,332.192688172
2048,0.93,10,false,true,"[[0,15],[15,28]]","[[0,17],[17,28]]",142.655913978,189.752688172,169.344086022,0.120515588291,332.192688172
2048,0.93,10,true,false,"[[0,19],[19,28]]","[[0,17],[17,28]]",110.806451613,180.4,169.344086022,0.0652866848689,329.335483871
2048,0.93,10,true,true,"[[0,17],[17,28]]","[[0,17],[17,28]]",169.344086022,169.344086022,169.344086022,0,330.764086022
2048,0.93,80,false,false,"[[0,21],[21,28]]","[[0,21],[21,28]]",121.774193548,199.38,199.38,0,397.90688172
2048,0.93,80,false,true,"[[0,19],[19,28]]","[[0,21],[21,28]]",180.31,218.935483871,199.38,0.0980814719178,399.335483871
2048,0.93,80,true,false,"[[0,26],[26,28]]","[[0,21],[21,28]]",144.39,246.83,199.38,0.237987762062,394.335376344
2048,0.93,80,true,true,"[[0,21],[21,28]]","[[0,21],[21,28]]",199.38,199.38,199.38,0,397.90688172
2048,0.8,0.5,false,false,"[[0,16],[16,28]]","[[0,18],[18,28]]",88.8,197.6,173.875,0.136448598131,349.53
2048,0.8,0.5,false,true,"[[0,16],[16,28]]","[[0,18],[18,28]]",151.84,197.6,173.875,0.136448598131,349.53
2048,0.8,0.5,true,false,"[[0,20],[20,28]]","[[0,18],[18,28]]",111.09,189.89,173.875,0.0921063982746,340.04
2048,0.8,0.5,true,true,"[[0,18],[18,28]]","[[0,18],[18,28]]",173.875,173.875,173.875,0,344.785
2048,0.8,10,false,false,"[[0,16],[16,28]]","[[0,19],[19,28]]",93.25,207.1,180.4,0.14800443459,359.03
2048,0.8,10,false,true,"[[0,16],[16,28]]","[[0,19],[19,28]]",152.35,207.1,180.4,0.14800443459,359.03
2048,0.8,10,true,false,"[[0,21],[21,28]]","[[0,19],[19,28]]",116.64,199.38,180.4,0.105210643016,347.1675
2048,0.8,10,true,true,"[[0,19],[19,28]]","[[0,19],[19,28]]",180.4,180.4,180.4,0,351.9125
2048,0.8,80,false,false,"[[0,22],[22,28]]","[[0,22],[22,28]]",122.1,208.87,208.87,0,414.795
2048,0.8,80,false,true,"[[0,19],[19,28]]","[[0,22],[22,28]]",186.7625,241.5125,208.87,0.156281419064,421.9125
2048,0.8,80,true,false,"[[0,26],[26,28]]","[[0,22],[22,28]]",148.625,246.83,208.87,0.181739838177,405.305
2048,0.8,80,true,true,"[[0,22],[22,28]]","[[0,22],[22,28]]",208.87,208.87,208.87,0,414.795
2048,0.7,0.5,false,false,"[[0,17],[17,28]]","[[0,19],[19,28]]",94.35,212.2,185.085714286,0.146495832047,373.62
2048,0.7,0.5,false,true,"[[0,17],[17,28]]","[[0,19],[19,28]]",161.33,212.2,185.085714286,0.146495832047,373.62
2048,0.7,0.5,true,false,"[[0,21],[21,28]]","[[0,19],[19,28]]",118.571428571,199.38,185.085714286,0.0772306267366,357.351428571
2048,0.7,0.5,true,true,"[[0,19],[19,28]]","[[0,19],[19,28]]",185.085714286,185.085714286,185.085714286,0,365.485714286
2048,0.7,10,false,false,"[[0,17],[17,28]]","[[0,20],[20,28]]",97.2142857143,221.7,189.89,0.167518036758,383.12
2048,0.7,10,false,true,"[[0,17],[17,28]]","[[0,20],[20,28]]",161.33,221.7,189.89,0.167518036758,383.12
2048,0.7,10,true,false,"[[0,22],[22,28]]","[[0,20],[20,28]]",122.19,208.87,189.89,0.0999526041392,362.784285714
2048,0.7,10,true,true,"[[0,20],[20,28]]","[[0,20],[20,28]]",189.89,189.89,189.89,0,370.918571429
2048,0.7,80,false,false,"[[0,22],[22,28]]","[[0,23],[23,28]]",127.571428571,223.914285714,218.36,0.0254363698218,432.784285714
2048,0.7,80,false,true,"[[0,20],[20,28]]","[[0,23],[23,28]]",189.8,251.028571429,218.36,0.149608771884,440.918571429
2048,0.7,80,true,false,"[[0,27],[27,28]]","[[0,23],[23,28]]",150.5,256.32,218.36,0.173841362887,412.448571429
2048,0.7,80,true,true,"[[0,23],[23,28]]","[[0,23],[23,28]]",218.36,218.36,218.36,0,428.717142857
2048,0.5,0.5,false,false,"[[0,19],[19,28]]","[[0,22],[22,28]]",105.45,258.92,208.87,0.239622731843,439.32
2048,0.5,0.5,false,true,"[[0,19],[19,28]]","[[0,22],[22,28]]",180.31,258.92,208.87,0.239622731843,439.32
2048,0.5,0.5,true,false,"[[0,24],[24,28]]","[[0,22],[22,28]]",133.29,227.85,208.87,0.0908699190884,391.87
2048,0.5,0.5,true,true,"[[0,22],[22,28]]","[[0,22],[22,28]]",208.87,208.87,208.87,0,410.85
2048,0.5,10,false,false,"[[0,19],[19,28]]","[[0,22],[22,28]]",109.9,268.42,211.48,0.269245318706,448.82
2048,0.5,10,false,true,"[[0,19],[19,28]]","[[0,22],[22,28]]",180.82,268.42,211.48,0.269245318706,448.82
2048,0.5,10,true,false,"[[0,25],[25,28]]","[[0,22],[22,28]]",138.84,237.34,211.48,0.122281066768,391.88
2048,0.5,10,true,true,"[[0,22],[22,28]]","[[0,22],[22,28]]",211.48,211.48,211.48,0,420.35
2048,0.5,80,false,false,"[[0,24],[24,28]]","[[0,25],[25,28]]",133.2,243.52,237.34,0.0260385944215,471.37
2048,0.5,80,false,true,"[[0,22],[22,28]]","[[0,25],[25,28]]",208.78,281.48,237.34,0.185977921968,490.35
2048,0.5,80,true,false,"[[0,27],[27,28]]","[[0,25],[25,28]]",178.7,256.32,237.34,0.0799696637735,442.9
2048,0.5,80,true,true,"[[0,25],[25,28]]","[[0,25],[25,28]]",237.34,237.34,237.34,0,461.88
