matrix,scenario,concurrency,output_tokens,arm,reference,metric,ratio_of_medians_pct,paired_n,paired_mean_pct,paired_min_pct,paired_max_pct
demand,stable,1,64,auto-fixed,throughput,throughput_tps,3.780703394988727,2,3.780878798129228,3.5968052538784656,3.9649523423799904
demand,stable,1,64,auto-remaining,auto-fixed,throughput_tps,-2.3739676151360634,2,-2.3761684238270133,-5.0575333064797,0.3051964588256739
demand,stable,2,64,auto-fixed,throughput,throughput_tps,-24.083546791802103,2,-24.085019552475227,-24.806971016558133,-23.363068088392325
demand,stable,2,64,auto-remaining,auto-fixed,throughput_tps,-3.6121956567852886,2,-3.571771538093688,-7.071771659602688,-0.07177141658468722
objective,network,1,32,latency,throughput,throughput_tps,65.43266366974265,2,65.82370857801348,58.679308699992625,72.96810845603432
objective,network,2,32,latency,throughput,throughput_tps,-15.442804672055487,2,-15.438013255818555,-16.369157344395802,-14.506869167241309
objective,stable,1,32,latency,throughput,throughput_tps,3.9667574095040736,3,4.370649379219027,3.7350163307831474,4.987616769433645
objective,stable,2,32,latency,throughput,throughput_tps,-44.6013119371708,3,-44.754672771165104,-44.994295273298526,-44.33200966129911
vm,compute,2,64,gate,hysteresis,fault_completion_tps,-0.029302063739256035,3,-0.2639912264173002,-0.7832453568156428,0.020573741302998272
vm,compute,2,64,gate-force,gate,fault_completion_tps,0.020340773874383267,3,0.006921515769890234,-0.028683346662539133,0.028782055862386358
vm,compute,2,64,hysteresis,static,fault_completion_tps,25.009671296432213,3,25.312477694861556,25.008606448221848,25.91545487914704
vm,loss,2,64,gate,hysteresis,fault_completion_tps,-12.467740991401877,2,-12.469385442916769,-24.951099806196986,0.012328920363446905
vm,loss,2,64,hysteresis,static,fault_completion_tps,,0,,,
vm,network,2,64,gate,hysteresis,fault_completion_tps,0.017188795395695067,3,-3.3197378147979775,-9.991996856805486,0.0282221451181508
vm,network,2,64,gate-force,gate,fault_completion_tps,0.00487873105807779,3,3.711742597573812,-0.6849284460500926,11.119863618766889
vm,network,2,64,hysteresis,static,fault_completion_tps,-0.018645525834160015,3,-0.007903156441232035,-0.697014904321569,0.6919509608320329
