run,matrix,scenario,arm,concurrency,output_tokens,repeat,requests,successful,failed,duration_s,throughput_tps,client_p50_ms,client_p95_ms,fault_completions,fault_successful,fault_completion_tps,moves,rejections,initial_layout,source_meta
network-120_gate_ebpf+app_latency_c1_r1_20261004T112909,objective,network,latency,1,32,1,8,8,0,63.24111890792847,4.047999219822557,7927.48761177063,8059.678077697754,5,5,3.955990904662778,0,0,"[[0, 28], [28, 28]]",results/objective-aware-2026-10-04/raw/objective/runs/network-120_gate_ebpf+app_latency_c1_r1_20261004T112909/meta.json
network-120_gate_ebpf+app_latency_c1_r2_20261004T111628,objective,network,latency,1,32,2,8,8,0,64.73559188842773,3.9545479161018235,8096.4860916137695,8141.615867614746,5,5,3.9554627512671265,0,0,"[[0, 28], [28, 28]]",results/objective-aware-2026-10-04/raw/objective/runs/network-120_gate_ebpf+app_latency_c1_r2_20261004T111628/meta.json
network-120_gate_ebpf+app_latency_c2_r1_20261004T111400,objective,network,latency,2,32,1,8,8,0,63.73988699913025,4.016323405209256,15956.855058670044,16012.48574256897,6,6,4.747756335869934,0,0,"[[0, 28], [28, 28]]",results/objective-aware-2026-10-04/raw/objective/runs/network-120_gate_ebpf+app_latency_c2_r1_20261004T111400/meta.json
network-120_gate_ebpf+app_latency_c2_r2_20261004T112635,objective,network,latency,2,32,2,8,8,0,62.99645400047302,4.063720792889037,15796.539545059204,15802.079916000366,6,6,4.74642098934812,0,0,"[[0, 28], [28, 28]]",results/objective-aware-2026-10-04/raw/objective/runs/network-120_gate_ebpf+app_latency_c2_r2_20261004T112635/meta.json
network-120_gate_ebpf+app_throughput_c1_r1_20261004T112249,objective,network,throughput,1,32,1,5,5,0,62.71910643577576,2.5510567527590604,12514.443397521973,17369.559049606323,3,3,2.3739341089184665,2,0,"[[0, 19], [19, 28]]",results/objective-aware-2026-10-04/raw/objective/runs/network-120_gate_ebpf+app_throughput_c1_r1_20261004T112249/meta.json
network-120_gate_ebpf+app_throughput_c1_r2_20261004T111742,objective,network,throughput,1,32,2,5,5,0,69.98245549201965,2.286287311228246,12546.935558319092,19951.252460479736,3,3,2.374423974547084,1,0,"[[0, 18], [18, 28]]",results/objective-aware-2026-10-04/raw/objective/runs/network-120_gate_ebpf+app_throughput_c1_r2_20261004T111742/meta.json
network-120_gate_ebpf+app_throughput_c2_r1_20261004T111240,objective,network,throughput,2,32,1,10,10,0,66.63275575637817,4.802442828118649,12884.567022323608,17508.188486099243,4,4,3.1613273661307444,2,0,"[[0, 18], [18, 28]]",results/objective-aware-2026-10-04/raw/objective/runs/network-120_gate_ebpf+app_throughput_c2_r1_20261004T111240/meta.json
network-120_gate_ebpf+app_throughput_c2_r2_20261004T111004,objective,network,throughput,2,32,2,10,10,0,67.32205104827881,4.753271699498842,12807.463884353638,17590.739011764526,4,4,3.1547135669558304,2,0,"[[0, 19], [19, 28]]",results/objective-aware-2026-10-04/raw/objective/runs/network-120_gate_ebpf+app_throughput_c2_r2_20261004T111004/meta.json
stable_gate_ebpf+app_latency_c1_r1_20261004T111124,objective,stable,latency,1,32,1,8,8,0,63.53583765029907,4.029222081072145,7939.292907714844,8021.758556365967,5,5,3.999985051210957,0,0,"[[0, 28], [28, 28]]",results/objective-aware-2026-10-04/raw/objective/runs/stable_gate_ebpf+app_latency_c1_r1_20261004T111124/meta.json
stable_gate_ebpf+app_latency_c1_r2_20261004T113138,objective,stable,latency,1,32,2,8,8,0,63.67777490615845,4.02024097696984,7941.809892654419,8135.2643966674805,5,5,3.999986028720064,0,0,"[[0, 28], [28, 28]]",results/objective-aware-2026-10-04/raw/objective/runs/stable_gate_ebpf+app_latency_c1_r2_20261004T113138/meta.json
stable_gate_ebpf+app_latency_c1_r3_20261004T112019,objective,stable,latency,1,32,3,8,8,0,62.96031737327576,4.066053201133674,7889.848709106445,7910.998582839966,5,5,3.999986553237343,0,0,"[[0, 28], [28, 28]]",results/objective-aware-2026-10-04/raw/objective/runs/stable_gate_ebpf+app_latency_c1_r3_20261004T112019/meta.json
stable_gate_ebpf+app_latency_c2_r1_20261004T112519,objective,stable,latency,2,32,1,8,8,0,63.272820472717285,4.0459710518260374,15776.696920394897,16010.934114456177,6,6,4.799981632302952,0,0,"[[0, 28], [28, 28]]",results/objective-aware-2026-10-04/raw/objective/runs/stable_gate_ebpf+app_latency_c2_r1_20261004T112519/meta.json
stable_gate_ebpf+app_latency_c2_r2_20261004T111516,objective,stable,latency,2,32,2,8,8,0,63.698917388916016,4.018906607736876,15984.228134155273,16102.182388305664,6,6,4.799985008286569,0,0,"[[0, 28], [28, 28]]",results/objective-aware-2026-10-04/raw/objective/runs/stable_gate_ebpf+app_latency_c2_r2_20261004T111516/meta.json
stable_gate_ebpf+app_latency_c2_r3_20261004T113254,objective,stable,latency,2,32,3,8,8,0,62.96672868728638,4.065639192904252,15719.744682312012,15952.45623588562,6,6,4.79998366361456,0,0,"[[0, 28], [28, 28]]",results/objective-aware-2026-10-04/raw/objective/runs/stable_gate_ebpf+app_latency_c2_r3_20261004T113254/meta.json
stable_gate_ebpf+app_throughput_c1_r1_20261004T110838,objective,stable,throughput,1,32,1,8,8,0,66.70476174354553,3.8378069767226326,8346.27366065979,8403.692722320557,4,4,3.199988994636238,0,0,"[[0, 18], [18, 28]]",results/objective-aware-2026-10-04/raw/objective/runs/stable_gate_ebpf+app_throughput_c1_r1_20261004T110838/meta.json
stable_gate_ebpf+app_throughput_c1_r2_20261004T111904,objective,stable,throughput,1,32,2,8,8,0,66.05615019798279,3.8754907640351357,8262.059688568115,8290.605545043945,5,5,3.999986434028858,0,0,"[[0, 19], [19, 28]]",results/objective-aware-2026-10-04/raw/objective/runs/stable_gate_ebpf+app_throughput_c1_r2_20261004T111904/meta.json
stable_gate_ebpf+app_throughput_c1_r3_20261004T112750,objective,stable,throughput,1,32,3,8,8,0,65.72384405136108,3.8950856221973895,8229.952096939087,8269.041061401367,5,5,3.999979925256389,0,0,"[[0, 18], [18, 28]]",results/objective-aware-2026-10-04/raw/objective/runs/stable_gate_ebpf+app_throughput_c1_r3_20261004T112750/meta.json
stable_gate_ebpf+app_throughput_c2_r1_20261004T113024,objective,stable,throughput,2,32,1,14,14,0,60.90640640258789,7.355548068929653,8664.280652999878,8748.08120727539,8,8,6.3999819565328036,0,0,"[[0, 18], [18, 28]]",results/objective-aware-2026-10-04/raw/objective/runs/stable_gate_ebpf+app_throughput_c2_r1_20261004T113024/meta.json
stable_gate_ebpf+app_throughput_c2_r2_20261004T112135,objective,stable,throughput,2,32,2,14,14,0,61.37964081764221,7.29883710676965,8739.077091217041,8828.917264938354,8,8,6.39997550973727,0,0,"[[0, 18], [18, 28]]",results/objective-aware-2026-10-04/raw/objective/runs/stable_gate_ebpf+app_throughput_c2_r2_20261004T112135/meta.json
stable_gate_ebpf+app_throughput_c2_r3_20261004T112404,objective,stable,throughput,2,32,3,14,14,0,61.34154677391052,7.303369796839572,8741.281032562256,8782.187700271606,8,8,6.399979095527265,0,0,"[[0, 18], [18, 28]]",results/objective-aware-2026-10-04/raw/objective/runs/stable_gate_ebpf+app_throughput_c2_r3_20261004T112404/meta.json
stable_gate_ebpf+app_auto_c1_r1_20261004T114157,demand,stable,auto-fixed,1,64,1,4,4,0,60.898033618927,4.20374821298722,15232.484817504883,15325.48189163208,3,3,4.799979229063271,0,0,"[[0, 28], [28, 28]]",results/objective-aware-2026-10-04/raw/demand/runs/stable_gate_ebpf+app_auto_c1_r1_20261004T114157/meta.json
stable_gate_ebpf+app_auto_c1_r1_20261004T114704,demand,stable,auto-remaining,1,64,1,4,4,0,64.1420385837555,3.991142246994846,15419.777870178223,18256.627321243286,3,3,4.799984893846369,0,0,"[[0, 28], [28, 28]]",results/objective-aware-2026-10-04/raw/demand/runs/stable_gate_ebpf+app_auto_c1_r1_20261004T114704/meta.json
stable_gate_ebpf+app_auto_c1_r2_20261004T113803,demand,stable,auto-fixed,1,64,2,4,4,0,60.79814791679382,4.2106545803065,15194.844961166382,15288.905143737793,3,3,4.799984893846369,0,0,"[[0, 28], [28, 28]]",results/objective-aware-2026-10-04/raw/demand/runs/stable_gate_ebpf+app_auto_c1_r2_20261004T113803/meta.json
stable_gate_ebpf+app_auto_c1_r2_20261004T114429,demand,stable,auto-remaining,1,64,2,4,4,0,60.61315870285034,4.223505348978976,15156.12506866455,15206.332683563232,3,3,4.799983177244018,0,0,"[[0, 28], [28, 28]]",results/objective-aware-2026-10-04/raw/demand/runs/stable_gate_ebpf+app_auto_c1_r2_20261004T114429/meta.json
stable_gate_ebpf+app_auto_c2_r1_20261004T113919,demand,stable,auto-remaining,2,64,1,6,6,0,68.72413921356201,5.587556343291696,21845.091581344604,30131.56223297119,2,2,3.1999887466826404,1,4,"[[0, 28], [28, 28]]",results/objective-aware-2026-10-04/raw/demand/runs/stable_gate_ebpf+app_auto_c2_r1_20261004T113919/meta.json
stable_gate_ebpf+app_auto_c2_r1_20261004T114038,demand,stable,auto-fixed,2,64,1,6,6,0,63.86412501335144,6.012765381498939,16710.466146469116,30546.080827713013,4,4,6.399979019233819,1,0,"[[0, 28], [28, 28]]",results/objective-aware-2026-10-04/raw/demand/runs/stable_gate_ebpf+app_auto_c2_r1_20261004T114038/meta.json
stable_gate_ebpf+app_auto_c2_r2_20261004T114313,demand,stable,auto-fixed,2,64,2,6,6,0,65.35659170150757,5.875459383711136,16391.36052131653,32662.896394729614,4,4,6.399981308037991,1,0,"[[0, 28], [28, 28]]",results/objective-aware-2026-10-04/raw/demand/runs/stable_gate_ebpf+app_auto_c2_r2_20261004T114313/meta.json
stable_gate_ebpf+app_auto_c2_r2_20261004T114823,demand,stable,auto-remaining,2,64,2,6,6,0,65.40353274345398,5.8712424832805885,16519.518852233887,32561.054229736328,4,4,6.399984550513369,1,0,"[[0, 28], [28, 28]]",results/objective-aware-2026-10-04/raw/demand/runs/stable_gate_ebpf+app_auto_c2_r2_20261004T114823/meta.json
stable_gate_ebpf+app_throughput_c1_r1_20261004T113410,demand,stable,throughput,1,64,1,4,4,0,63.088417291641235,4.057797151838174,15768.728733062744,15848.15764427185,3,3,4.799983320294167,0,0,"[[0, 18], [18, 28]]",results/objective-aware-2026-10-04/raw/demand/runs/stable_gate_ebpf+app_throughput_c1_r1_20261004T113410/meta.json
stable_gate_ebpf+app_throughput_c1_r2_20261004T113645,demand,stable,throughput,1,64,2,4,4,0,63.208765506744385,4.050071187874801,15787.33515739441,15876.347303390503,3,3,4.799985151336828,0,0,"[[0, 19], [19, 28]]",results/objective-aware-2026-10-04/raw/demand/runs/stable_gate_ebpf+app_throughput_c1_r2_20261004T113645/meta.json
stable_gate_ebpf+app_throughput_c2_r1_20261004T114544,demand,stable,throughput,2,64,1,8,8,0,65.25800800323486,7.845780397933997,16299.655199050903,16418.254137039185,6,6,9.59996789942985,0,0,"[[0, 18], [18, 28]]",results/objective-aware-2026-10-04/raw/demand/runs/stable_gate_ebpf+app_throughput_c2_r1_20261004T114544/meta.json
stable_gate_ebpf+app_throughput_c2_r2_20261004T113528,demand,stable,throughput,2,64,2,8,8,0,65.52480125427246,7.813835222683956,16399.091243743896,16424.331665039062,6,6,9.599967498889331,0,0,"[[0, 18], [18, 28]]",results/objective-aware-2026-10-04/raw/demand/runs/stable_gate_ebpf+app_throughput_c2_r2_20261004T113528/meta.json
compute-0.5_gate-force_ebpf+app_c2_r1_20261004T091852,vm,compute,gate-force,2,64,1,22,22,0,230.8356020450592,6.0995790403473285,23003.329277038574,29648.95796775818,10,10,5.268160461542315,2,0,"[[0, 19], [19, 28]]",docs/data/azure-vm-2026-10-04/raw/vm/compute-0.5_gate-force_ebpf+app_c2_r1_20261004T091852/meta.json
compute-0.5_gate-force_ebpf+app_c2_r2_20261004T090158,vm,compute,gate-force,2,64,2,22,22,0,230.4998927116394,6.108462713088722,23617.597341537476,29121.896505355835,10,10,5.267656380632741,2,0,"[[0, 18], [18, 28]]",docs/data/azure-vm-2026-10-04/raw/vm/compute-0.5_gate-force_ebpf+app_c2_r2_20261004T090158/meta.json
compute-0.5_gate-force_ebpf+app_c2_r3_20261004T091432,vm,compute,gate-force,2,64,3,22,22,0,238.2284698486328,5.910292757597882,23993.660926818848,30812.38102912903,10,10,5.268177582965212,2,0,"[[0, 18], [18, 28]]",docs/data/azure-vm-2026-10-04/raw/vm/compute-0.5_gate-force_ebpf+app_c2_r3_20261004T091432/meta.json
compute-0.5_gate_ebpf+app_c2_r1_20261004T083226,vm,compute,gate,2,64,1,22,22,0,233.07308554649353,6.041023555759859,20618.43514442444,29493.229389190674,10,10,5.269671979824267,2,7,"[[0, 19], [19, 28]]",docs/data/azure-vm-2026-10-04/raw/vm/compute-0.5_gate_ebpf+app_c2_r1_20261004T083226/meta.json
compute-0.5_gate_ebpf+app_c2_r2_20261004T085332,vm,compute,gate,2,64,2,22,22,0,225.04366374015808,6.256563622363158,21820.252180099487,28530.471801757812,10,10,5.266140677081271,2,1,"[[0, 19], [19, 28]]",docs/data/azure-vm-2026-10-04/raw/vm/compute-0.5_gate_ebpf+app_c2_r2_20261004T085332/meta.json
compute-0.5_gate_ebpf+app_c2_r3_20261004T085741,vm,compute,gate,2,64,3,22,22,0,235.85053300857544,5.96988262879527,20630.956172943115,29163.177251815796,10,10,5.2670890948597675,1,28,"[[0, 18], [18, 28]]",docs/data/azure-vm-2026-10-04/raw/vm/compute-0.5_gate_ebpf+app_c2_r3_20261004T085741/meta.json
compute-0.5_hysteresis_ebpf+app_c2_r1_20261004T093133,vm,compute,hysteresis,2,64,1,22,22,0,228.94999647140503,6.149814464731183,23521.00157737732,29239.28928375244,10,10,5.2685880341518,2,0,"[[0, 19], [19, 28]]",docs/data/azure-vm-2026-10-04/raw/vm/compute-0.5_hysteresis_ebpf+app_c2_r1_20261004T093133/meta.json
compute-0.5_hysteresis_ebpf+app_c2_r2_20261004T094409,vm,compute,hysteresis,2,64,2,22,22,0,231.99261140823364,6.069158804037794,22033.278942108154,29052.754163742065,10,10,5.307713093438726,2,0,"[[0, 19], [19, 28]]",docs/data/azure-vm-2026-10-04/raw/vm/compute-0.5_hysteresis_ebpf+app_c2_r2_20261004T094409/meta.json
compute-0.5_hysteresis_ebpf+app_c2_r3_20261004T092304,vm,compute,hysteresis,2,64,3,22,22,0,229.5820598602295,6.132883383210327,23598.90365600586,28935.269355773926,10,10,5.268632913034132,2,0,"[[0, 18], [18, 28]]",docs/data/azure-vm-2026-10-04/raw/vm/compute-0.5_hysteresis_ebpf+app_c2_r3_20261004T092304/meta.json
compute-0.5_static_ebpf+app_c2_r1_20261004T095233,vm,compute,static,2,64,1,20,20,0,222.82766962051392,5.744349443585263,20185.193300247192,32477.53357887268,8,8,4.214580246788073,0,0,"[[0, 18], [18, 28]]",docs/data/azure-vm-2026-10-04/raw/vm/compute-0.5_static_ebpf+app_c2_r1_20261004T095233/meta.json
compute-0.5_static_ebpf+app_c2_r2_20261004T082826,vm,compute,static,2,64,2,20,20,0,222.81831073760986,5.744590719509241,20266.95680618286,32313.38906288147,8,8,4.215299145393264,0,0,"[[0, 18], [18, 28]]",docs/data/azure-vm-2026-10-04/raw/vm/compute-0.5_static_ebpf+app_c2_r2_20261004T082826/meta.json
compute-0.5_static_ebpf+app_c2_r3_20261004T084928,vm,compute,static,2,64,3,20,20,0,222.94610118865967,5.74129797819092,19938.196897506714,32400.56300163269,8,8,4.21445549302211,0,0,"[[0, 18], [18, 28]]",docs/data/azure-vm-2026-10-04/raw/vm/compute-0.5_static_ebpf+app_c2_r3_20261004T084928/meta.json
loss-0_gate_ebpf+app_c2_r1_20261004T102621,vm,loss,gate,2,64,1,20,20,0,235.59222173690796,5.433116554371687,29361.75537109375,31962.310314178467,8,8,4.219576527266673,0,0,"[[0, 19], [19, 28]]",docs/data/azure-vm-2026-10-04/raw/vm/loss-0_gate_ebpf+app_c2_r1_20261004T102621/meta.json
loss-0_gate_ebpf+app_c2_r2_20261004T102202,vm,loss,gate,2,64,2,20,20,0,237.67160820960999,5.385582273130109,26694.99444961548,34766.25847816467,6,6,3.1655211816553024,0,0,"[[0, 19], [19, 28]]",docs/data/azure-vm-2026-10-04/raw/vm/loss-0_gate_ebpf+app_c2_r2_20261004T102202/meta.json
loss-0_hysteresis_ebpf+app_c2_r1_20261004T103039,vm,loss,hysteresis,2,64,1,20,20,0,236.08322262763977,5.421816873530521,28951.0281085968,32560.72759628296,8,8,4.219056363167569,0,0,"[[0, 19], [19, 28]]",docs/data/azure-vm-2026-10-04/raw/vm/loss-0_hysteresis_ebpf+app_c2_r1_20261004T103039/meta.json
loss-0_hysteresis_ebpf+app_c2_r2_20261004T100918,vm,loss,hysteresis,2,64,2,20,20,0,234.27090001106262,5.463760116768905,30315.13214111328,31197.067260742188,8,8,4.2179447979661235,0,0,"[[0, 18], [18, 28]]",docs/data/azure-vm-2026-10-04/raw/vm/loss-0_hysteresis_ebpf+app_c2_r2_20261004T100918/meta.json
loss-0_static_ebpf+app_c2_r1_20261004T101333,vm,loss,static,2,64,1,21,12,9,234.8603367805481,3.2700285221749215,16413.978338241577,21221.773386001587,8,0,0.0,0,0,"[[0, 18], [18, 28]]",docs/data/azure-vm-2026-10-04/raw/vm/loss-0_static_ebpf+app_c2_r1_20261004T101333/meta.json
loss-0_static_ebpf+app_c2_r2_20261004T101748,vm,loss,static,2,64,2,22,12,10,234.6673882007599,3.2727172100410034,16342.660188674927,20886.73686981201,7,0,0.0,0,0,"[[0, 18], [18, 28]]",docs/data/azure-vm-2026-10-04/raw/vm/loss-0_static_ebpf+app_c2_r2_20261004T101748/meta.json
network-120_gate-force_ebpf+app_c2_r1_20261004T095637,vm,network,gate-force,2,64,1,22,22,0,230.18865132331848,6.11672205343586,23903.721570968628,26338.49573135376,10,10,5.307192779783242,2,0,"[[0, 18], [18, 28]]",docs/data/azure-vm-2026-10-04/raw/vm/network-120_gate-force_ebpf+app_c2_r1_20261004T095637/meta.json
network-120_gate-force_ebpf+app_c2_r2_20261004T090610,vm,network,gate-force,2,64,2,22,22,0,229.78754019737244,6.127399243625743,23842.585563659668,26510.623693466187,10,10,5.270263310279324,2,0,"[[0, 18], [18, 28]]",docs/data/azure-vm-2026-10-04/raw/vm/network-120_gate-force_ebpf+app_c2_r2_20261004T090610/meta.json
network-120_gate-force_ebpf+app_c2_r3_20261004T084055,vm,network,gate-force,2,64,3,22,22,0,232.28093028068542,6.06162545628946,24055.23681640625,26291.27860069275,10,10,5.27054248340024,2,0,"[[0, 19], [19, 28]]",docs/data/azure-vm-2026-10-04/raw/vm/network-120_gate-force_ebpf+app_c2_r3_20261004T084055/meta.json
network-120_gate_ebpf+app_c2_r1_20261004T093955,vm,network,gate,2,64,1,22,22,0,232.53831458091736,6.054916165267261,24216.767072677612,26422.57022857666,10,10,5.270285360351515,2,0,"[[0, 18], [18, 28]]",docs/data/azure-vm-2026-10-04/raw/vm/network-120_gate_ebpf+app_c2_r1_20261004T093955/meta.json
network-120_gate_ebpf+app_c2_r2_20261004T084509,vm,network,gate,2,64,2,22,22,0,237.19519567489624,5.936039286098478,23889.08338546753,29979.4180393219,9,9,4.74286337171965,2,0,"[[0, 19], [19, 28]]",docs/data/azure-vm-2026-10-04/raw/vm/network-120_gate_ebpf+app_c2_r2_20261004T084509/meta.json
network-120_gate_ebpf+app_c2_r3_20261004T094821,vm,network,gate,2,64,3,22,22,0,232.41562247276306,6.058112552933073,24026.35955810547,26212.5883102417,10,10,5.3068908886977715,2,0,"[[0, 18], [18, 28]]",docs/data/azure-vm-2026-10-04/raw/vm/network-120_gate_ebpf+app_c2_r3_20261004T094821/meta.json
network-120_hysteresis_ebpf+app_c2_r1_20261004T091022,vm,network,hysteresis,2,64,1,22,22,0,228.64341378211975,6.158060609354441,23792.986631393433,25879.22430038452,10,10,5.268798392423222,2,0,"[[0, 18], [18, 28]]",docs/data/azure-vm-2026-10-04/raw/vm/network-120_hysteresis_ebpf+app_c2_r1_20261004T091022/meta.json
network-120_hysteresis_ebpf+app_c2_r2_20261004T093544,vm,network,hysteresis,2,64,2,22,22,0,229.65830659866333,6.130847261103139,23841.996431350708,26356.4453125,10,10,5.269379617470445,2,0,"[[0, 19], [19, 28]]",docs/data/azure-vm-2026-10-04/raw/vm/network-120_hysteresis_ebpf+app_c2_r2_20261004T093544/meta.json
network-120_hysteresis_ebpf+app_c2_r3_20261004T100502,vm,network,hysteresis,2,64,3,22,22,0,235.641685962677,5.9751736805304105,23949.281930923462,26436.299562454224,10,10,5.306648838259936,2,0,"[[0, 18], [18, 28]]",docs/data/azure-vm-2026-10-04/raw/vm/network-120_hysteresis_ebpf+app_c2_r3_20261004T100502/meta.json
network-120_static_ebpf+app_c2_r1_20261004T083641,vm,network,static,2,64,1,24,24,0,234.79366612434387,6.541914121254672,20043.30325126648,24041.821479797363,10,10,5.305780473111392,0,0,"[[0, 18], [18, 28]]",docs/data/azure-vm-2026-10-04/raw/vm/network-120_static_ebpf+app_c2_r1_20261004T083641/meta.json
network-120_static_ebpf+app_c2_r2_20261004T100045,vm,network,static,2,64,2,24,24,0,234.12689018249512,6.560545005329087,20263.197660446167,23940.834760665894,10,10,5.2703623042354355,0,0,"[[0, 18], [18, 28]]",docs/data/azure-vm-2026-10-04/raw/vm/network-120_static_ebpf+app_c2_r2_20261004T100045/meta.json
network-120_static_ebpf+app_c2_r3_20261004T092716,vm,network,static,2,64,3,24,24,0,234.35698580741882,6.554103752051995,20404.470443725586,23960.88194847107,10,10,5.270181764900115,0,0,"[[0, 18], [18, 28]]",docs/data/azure-vm-2026-10-04/raw/vm/network-120_static_ebpf+app_c2_r3_20261004T092716/meta.json
stable_static_ebpf+app_c2_r1_20261004T103931,baseline,stable,static,2,64,1,16,16,0,242.89521098136902,4.215809755419775,30382.20191001892,30466.627597808838,8,8,4.26666196187856,0,0,"[[0, 28]]",docs/data/azure-vm-2026-10-04/raw/vm-single/stable_static_ebpf+app_c2_r1_20261004T103931/meta.json
stable_static_ebpf+app_c2_r2_20261004T104350,baseline,stable,static,2,64,2,16,16,0,248.72421860694885,4.11700961705782,31016.210556030273,31310.592651367188,8,8,4.266662360301655,0,0,"[[0, 28]]",docs/data/azure-vm-2026-10-04/raw/vm-single/stable_static_ebpf+app_c2_r2_20261004T104350/meta.json
stable_static_ebpf+app_c2_r3_20261004T103509,baseline,stable,static,2,64,3,16,16,0,246.29311347007751,4.157647713217151,30799.70669746399,30852.71167755127,8,8,4.2666616990889,0,0,"[[0, 28]]",docs/data/azure-vm-2026-10-04/raw/vm-single/stable_static_ebpf+app_c2_r3_20261004T103509/meta.json
