matrix,scenario,concurrency,output_tokens,arm,n,requests,failed,whole_window_tps_median,whole_window_tps_min,whole_window_tps_max,fault_completion_tps_median,client_p50_ms_median,moves,rejections
baseline,stable,2,64,static,3,48,0,4.157647713217151,4.11700961705782,4.215809755419775,4.26666196187856,30799.70669746399,0,0
demand,stable,1,64,auto-fixed,2,8,0,4.20720139664686,4.20374821298722,4.2106545803065,4.79998206145482,15213.664889335632,0,0
demand,stable,1,64,auto-remaining,2,8,0,4.107323797986911,3.991142246994846,4.223505348978976,4.799984035545194,15287.951469421387,0,0
demand,stable,1,64,throughput,2,8,0,4.053934169856488,4.050071187874801,4.057797151838174,4.799984235815497,15778.031945228577,0,0
demand,stable,2,64,auto-fixed,2,12,0,5.944112382605038,5.875459383711136,6.012765381498939,6.399980163635905,16550.913333892822,2,0
demand,stable,2,64,auto-remaining,2,12,0,5.729399413286142,5.587556343291696,5.8712424832805885,4.799986648598004,19182.305216789246,2,4
demand,stable,2,64,throughput,2,16,0,7.829807810308976,7.813835222683956,7.845780397933997,9.59996769915959,16349.3732213974,0,0
objective,network,1,32,latency,2,16,0,4.0012735679621905,3.9545479161018235,4.047999219822557,3.955726827964952,8011.9868516922,0,0
objective,network,1,32,throughput,2,10,0,2.418672031993653,2.286287311228246,2.5510567527590604,2.3741790417327753,12530.689477920532,3,0
objective,network,2,32,latency,2,16,0,4.040022099049146,4.016323405209256,4.063720792889037,4.747088662609027,15876.697301864624,0,0
objective,network,2,32,throughput,2,20,0,4.7778572638087455,4.753271699498842,4.802442828118649,3.158020466543287,12846.015453338623,4,0
objective,stable,1,32,latency,3,24,0,4.029222081072145,4.02024097696984,4.066053201133674,3.999986028720064,7939.292907714844,0,0
objective,stable,1,32,throughput,3,24,0,3.8754907640351357,3.8378069767226326,3.8950856221973895,3.999979925256389,8262.059688568115,0,0
objective,stable,2,32,latency,3,24,0,4.0459710518260374,4.018906607736876,4.065639192904252,4.79998366361456,15776.696920394897,0,0
objective,stable,2,32,throughput,3,42,0,7.303369796839572,7.29883710676965,7.355548068929653,6.399979095527265,8739.077091217041,0,0
vm,compute,2,64,gate,3,66,0,6.041023555759859,5.96988262879527,6.256563622363158,5.2670890948597675,20630.956172943115,5,36
vm,compute,2,64,gate-force,3,66,0,6.0995790403473285,5.910292757597882,6.108462713088722,5.268160461542315,23617.597341537476,6,0
vm,compute,2,64,hysteresis,3,66,0,6.132883383210327,6.069158804037794,6.149814464731183,5.268632913034132,23521.00157737732,6,0
vm,compute,2,64,static,3,60,0,5.744349443585263,5.74129797819092,5.744590719509241,4.214580246788073,20185.193300247192,0,0
vm,loss,2,64,gate,2,40,0,5.409349413750898,5.385582273130109,5.433116554371687,3.6925488544609877,28028.374910354614,0,0
vm,loss,2,64,hysteresis,2,40,0,5.442788495149713,5.421816873530521,5.463760116768905,4.218500580566847,29633.08012485504,0,0
vm,loss,2,64,static,2,43,19,3.2713728661079626,3.2700285221749215,3.2727172100410034,0.0,16378.319263458252,0,0
vm,network,2,64,gate,3,66,0,6.054916165267261,5.936039286098478,6.058112552933073,5.270285360351515,24026.35955810547,6,0
vm,network,2,64,gate-force,3,66,0,6.11672205343586,6.06162545628946,6.127399243625743,5.27054248340024,23903.721570968628,6,0
vm,network,2,64,hysteresis,3,66,0,6.130847261103139,5.9751736805304105,6.158060609354441,5.269379617470445,23841.996431350708,6,0
vm,network,2,64,static,3,72,0,6.554103752051995,6.541914121254672,6.560545005329087,5.2703623042354355,20263.197660446167,0,0
