agent_cpu_pct_local,agent_cpu_pct_vm3,concurrency,fault_completion_p95,fault_completion_rate,fault_itl_p50,fault_itl_p95,fault_n,fault_throughput,fault_ttft_p50,fault_ttft_p95,link_source,magnitude,moves_executed,moves_rejected,policy,post_completion_p95,post_completion_rate,post_itl_p50,post_itl_p95,post_n,post_throughput,post_ttft_p50,post_ttft_p95,pre_completion_p95,pre_completion_rate,pre_itl_p50,pre_itl_p95,pre_n,pre_throughput,pre_ttft_p50,pre_ttft_p95,reconstruct_ms_median,recoveries,recovery_s,repeat,run,scenario,thru_restored,transition_ms_median,detect_s_app,detect_s_ebpf
0.19776371994277034,0.18427982994667264,2,29709.78,1.0,356.054126984127,455.4095238095238,10,5.268160461542315,1098.79,1617.59,"ebpf+app,full,kv1",0.5,2,0,gate-force,23018.21,1.0,246.13047619047617,347.9795238095238,6,6.294968395647008,1095.5,1580.47,16942.5,1.0,251.57476190476189,253.6706349206349,4,6.399665087107033,1436.3,1479.46,1563.12,0,23.36519694328308,1,compute-0.5_gate-force_ebpf+app_c2_r1_20261004T091852,compute,0.9836402858532473,4572.38,,
0.18427095111427427,0.17528212423065134,2,29188.23,1.0,358.3796825396825,447.55095238095237,10,5.267656380632741,1116.74,1675.59,"ebpf+app,full,kv1",0.5,2,0,gate-force,24635.03,1.0,249.9438095238095,365.39126984126983,6,6.2950393773955895,930.68,1615.38,16389.85,1.0,242.5957142857143,243.27174603174603,4,6.3996998355507495,1370.67,1497.03,1688.645,0,21.614344120025635,2,compute-0.5_gate-force_ebpf+app_c2_r2_20261004T090158,compute,0.9836460364009942,4697.360000000001,,
0.1932861681119972,0.1932861681119972,2,29979.5,1.0,363.72253968253966,454.658253968254,10,5.268177582965212,1090.72,1336.03,"ebpf+app,full,kv1",0.5,2,0,gate-force,31036.27,1.0,247.54206349206348,475.1604761904762,6,6.2968282029334945,936.9,1101.2,16376.95,1.0,242.18730158730162,243.3661904761905,4,6.399864504821771,1354.26,1497.86,2845.42,2,21.279542207717896,3,compute-0.5_gate-force_ebpf+app_c2_r3_20261004T091432,compute,0.9839002369799162,7604.98,,
0.19782483531458217,0.17984075937689295,2,30634.65,1.0,363.21460317460316,464.16634920634925,10,5.269671979824267,1101.74,1392.17,"ebpf+app,full,kv1",0.5,2,7,gate,20718.42,1.0,246.15825396825397,313.5988888888889,6,6.298398828361608,1018.73,4281.66,16952.83,1.0,251.76603174603173,251.82317460317464,4,6.399771393358943,1410.22,1519.9,1498.065,0,23.13816475868225,1,compute-0.5_gate_ebpf+app_c2_r1_20261004T083226,compute,0.9841599709166909,4507.764999999999,,
0.17526378421149189,0.1707698410265819,2,28835.64,1.0,329.9893650793651,442.56047619047615,10,5.266140677081271,1079.85,1679.59,"ebpf+app,full,kv1",0.5,2,1,gate,25788.66,1.0,246.76984126984124,392.16269841269843,6,6.296197184046709,1082.41,1615.73,16977.92,1.0,245.44920634920635,252.4952380952381,4,6.399774864487349,1358.25,1514.62,1806.77,1,21.872908115386963,2,compute-0.5_gate_ebpf+app_c2_r2_20261004T085332,compute,0.9838154180992525,4815.12,,
0.1887423585338587,0.1797546271751029,2,29227.88,1.0,356.00920634920635,448.1331746031746,10,5.2670890948597675,1107.46,1662.85,"ebpf+app,full,kv1",0.5,1,28,gate,20666.8,1.0,296.8038095238095,311.0285714285714,6,6.293498068035239,1072.0,1583.15,16363.34,1.0,242.27650793650793,242.67634920634922,4,6.399844516716897,1339.83,1509.48,2041.3249999999998,0,21.613131761550903,3,compute-0.5_gate_ebpf+app_c2_r3_20261004T085741,compute,0.983382963694841,6555.68,,
0.1843364280225981,0.17984041758302258,2,29300.95,1.0,355.93650793650795,449.582380952381,10,5.2685880341518,1099.03,1612.86,"ebpf+app,full,kv1",0.5,2,0,hysteresis,23678.55,1.0,242.2711111111111,358.8038095238095,6,6.300923210963417,1073.91,1608.24,16517.42,1.0,245.66142857142853,246.30476190476193,4,6.3997934789544635,1379.54,1473.81,1615.8,0,22.088321447372437,1,compute-0.5_hysteresis_ebpf+app_c2_r1_20261004T093133,compute,0.9845510221046696,4625.04,,
0.18955709569713497,0.1805305673306041,2,30212.42,1.0,333.4517460317461,456.8738095238095,10,5.307713093438726,1028.39,1429.37,"ebpf+app,full,kv1",0.5,2,0,hysteresis,25254.42,1.0,352.63825396825393,383.8585714285714,6,6.296307944740198,1030.82,1374.08,16749.67,1.0,246.83396825396824,249.20460317460316,4,6.399717534134744,1381.41,1518.91,1750.76,2,22.148757219314575,2,compute-0.5_hysteresis_ebpf+app_c2_r2_20261004T094409,compute,0.9838415384986944,5355.77,,
0.18881112893215585,0.17982012279252915,2,29194.25,1.0,357.2888888888889,448.5642857142857,10,5.268632913034132,1113.47,1679.93,"ebpf+app,full,kv1",0.5,2,0,hysteresis,24127.28,1.0,244.4553968253968,365.6388888888889,6,6.298234524111532,1092.03,1604.86,16393.85,1.0,243.0153968253968,243.61746031746034,4,6.399774139745942,1326.63,1452.0,1714.115,0,21.563812971115112,3,compute-0.5_hysteresis_ebpf+app_c2_r3_20261004T092304,compute,0.9841338751310307,4723.3150000000005,,
0.17533653584279058,0.17533653584279138,2,32478.13,1.0,486.21936507936505,495.2550793650794,8,4.214580246788073,1328.26,1862.26,"ebpf+app,full,kv1",0.5,0,0,static,20283.76,1.0,242.90873015873015,302.3133333333333,6,6.300728777619578,1238.02,1801.93,16404.64,1.0,242.54539682539684,243.4115873015873,4,6.399834980451313,1329.49,1512.78,,-1,16.57850694656372,1,compute-0.5_static_ebpf+app_c2_r1_20261004T095233,compute,0.9845142565184163,,,
0.17083419407263817,0.17532983075876013,2,32356.78,1.0,484.13428571428574,493.14920634920634,8,4.215299145393264,1324.74,1814.58,"ebpf+app,full,kv1",0.5,0,0,static,20421.35,1.0,243.54,303.75,6,6.297762323344002,1285.1,1800.51,16374.03,1.0,242.62492063492064,243.60873015873017,4,6.399752206859971,1343.73,1458.91,,-1,16.543543100357056,2,compute-0.5_static_ebpf+app_c2_r2_20261004T082826,compute,0.9840634636749459,,,
0.1753714463465023,0.1753714463465025,2,32400.25,1.0,487.09555555555556,495.2160317460318,8,4.21445549302211,1319.28,1801.75,"ebpf+app,full,kv1",0.5,0,0,static,20089.28,1.0,243.3384126984127,299.59142857142854,6,6.305716155400104,1215.02,1721.53,16498.66,1.0,242.77746031746034,244.81841269841271,4,6.3997823026323255,1346.9,1532.81,,-1,16.940053939819336,3,compute-0.5_static_ebpf+app_c2_r3_20261004T084928,compute,0.9853016645279432,,,
0.2025850699024009,-0.018007561769102263,2,32056.77,1.0,462.73238095238094,492.428253968254,8,4.219576527266673,1363.61,1809.69,"ebpf+app,full,kv1",0,0,0,gate,30200.61,1.0,250.0534920634921,450.94904761904763,6,6.31699868548164,953.6,1790.82,16734.82,1.0,248.57015873015874,248.7409523809524,4,6.399783332530685,1399.9,1549.33,1448.855,2,25.187814712524414,1,loss-0_gate_ebpf+app_c2_r1_20261004T102621,loss,0.9870644609750704,7468.385,,
0.2025946364758733,-0.013506309098391522,2,34882.07,1.0,474.66809523809525,537.2963492063492,6,3.1655211816553024,1185.57,1858.85,"ebpf+app,full,kv1",0,0,0,gate,31040.75,1.0,393.5296825396826,473.85238095238094,8,8.419644519940794,1316.95,1900.28,16904.03,1.0,249.05904761904765,250.85396825396828,4,6.399806333680415,1370.31,1552.18,1368.225,2,28.16886615753174,2,loss-0_gate_ebpf+app_c2_r2_20261004T102202,loss,1.3156092670539932,8074.33,,
0.20258642022316992,-0.013505761348211348,2,32656.64,1.0,460.87650793650795,501.6571428571429,8,4.219056363167569,1419.43,1788.67,"ebpf+app,full,kv1",0,0,0,hysteresis,29781.59,1.0,249.2525396825397,444.93857142857144,6,6.318679388404064,945.14,1750.46,17110.32,1.0,249.27825396825398,256.58761904761906,4,6.399826741140734,1403.4,1543.3,1431.98,3,26.320820331573486,1,loss-0_hysteresis_ebpf+app_c2_r1_20261004T103039,loss,0.9873203828761455,7445.55,,
0.19805706510499826,-5.248512225282439,2,31304.69,1.0,465.52825396825403,480.7971428571429,8,4.2179447979661235,1316.13,1815.81,"ebpf+app,full,kv1",0,0,0,hysteresis,30463.65,1.0,243.0031746031746,465.3826984126984,6,6.318889929609512,1144.54,1799.28,16381.4,1.0,243.2715873015873,243.31809523809522,4,6.399696669650572,1341.0,1478.36,1486.495,2,23.704192876815796,2,loss-0_hysteresis_ebpf+app_c2_r2_20261004T100918,loss,0.9873733484237976,7856.46,,
0.1581623475355688,-0.009037848430603948,2,,0.0,,,8,0.0,,,"ebpf+app,full,kv1",0,0,0,static,26473.97,0.8571428571428571,239.86714285714288,246.48238095238094,7,6.317207132488566,1349.0,11175.1,16423.16,1.0,244.08444444444444,245.81793650793648,4,6.399810682175066,1398.91,1458.73,6846.03,-1,145.69014525413513,1,loss-0_static_ebpf+app_c2_r1_20261004T101333,loss,0.9870928135551619,10617.51,,
0.1626556182445551,-0.00451821161790432,2,,0.0,,,7,0.0,,,"ebpf+app,full,kv1",0,0,0,static,21315.67,0.6666666666666666,238.24190476190478,244.91873015873014,9,6.315988136765371,1349.87,6042.13,16459.91,1.0,244.27714285714288,244.66285714285715,4,6.399847072440902,1327.22,1480.57,,-1,145.60149216651917,2,loss-0_static_ebpf+app_c2_r2_20261004T101748,loss,0.9868967281989214,,,
0.18496583574627007,0.18496583574627007,2,26421.03,1.0,359.9198412698413,403.53285714285715,10,5.307192779783242,1288.55,1857.18,"ebpf+app,full,kv1",120,2,0,gate-force,25241.99,1.0,253.45793650793652,378.20793650793655,6,6.287890397713419,943.0,1852.75,16401.03,1.0,242.9736507936508,243.1484126984127,4,6.399723179393334,1403.27,1523.07,1818.395,0,18.891459941864014,1,network-120_gate-force_ebpf+app_c2_r1_20261004T095637,network,0.9825253720285888,3573.31,2.003281354904175,2.003281354904175
0.18439405203905307,0.18889146794244452,2,26562.47,1.0,356.22444444444443,405.4868253968254,10,5.270263310279324,1399.29,1884.96,"ebpf+app,full,kv1",120,2,0,gate-force,25082.04,1.0,249.39142857142858,375.5811111111111,6,6.304177608783281,1346.13,1797.71,16442.92,1.0,243.78920634920635,244.15174603174606,4,6.399702734450045,1341.4,1493.32,1947.475,0,19.115567207336426,2,network-120_gate-force_ebpf+app_c2_r2_20261004T090610,network,0.9850735058126144,3702.0600000000004,3.003704309463501,3.003704309463501
0.19339819600233596,0.18440293107199476,2,26357.34,1.0,359.8106349206349,402.59095238095244,10,5.27054248340024,1393.88,1960.38,"ebpf+app,full,kv1",120,2,0,gate-force,25349.32,1.0,258.9790476190476,379.9685714285714,6,6.304590061873704,1411.3,1812.06,16452.58,1.0,241.65492063492064,244.8098412698413,4,6.399748964620017,1352.11,1493.57,1928.02,0,18.78120708465576,3,network-120_gate-force_ebpf+app_c2_r3_20261004T084055,network,0.9851308382137511,3682.3599999999997,3.0032341480255127,3.0032341480255127
0.1978591789595739,0.1888655799159571,2,27731.48,1.0,368.5449206349207,418.66904761904766,10,5.270285360351515,1369.8,1529.67,"ebpf+app,full,kv1",120,2,0,gate,24663.81,1.0,255.1168253968254,368.96746031746034,6,6.300973743906064,930.42,1490.75,16409.64,1.0,243.48460317460317,243.80031746031747,4,6.3997005221319245,1325.24,1469.63,1909.335,0,19.01251721382141,1,network-120_gate_ebpf+app_c2_r1_20261004T093955,network,0.9845732190304162,3663.7749999999996,3.003603219985962,3.003603219985962
0.19348942913401757,0.18448992080220297,2,29982.46,1.0,358.768253968254,453.8666666666666,9,4.74286337171965,1388.86,1914.81,"ebpf+app,full,kv1",120,2,0,gate,29976.8,1.0,248.10095238095238,447.3301587301587,7,7.369935484439302,1365.77,1795.0,16863.02,1.0,247.9798412698413,250.69904761904763,4,6.3998027480840065,1353.17,1537.28,1981.56,2,19.563970804214478,2,network-120_gate_ebpf+app_c2_r2_20261004T084509,network,1.1515879120877182,3813.93,3.0036702156066895,3.0036702156066895
0.19863341577607652,0.18509022833679886,2,26272.43,1.0,357.94555555555553,401.2347619047619,10,5.3068908886977715,1383.46,1951.45,"ebpf+app,full,kv1",120,2,0,gate,25175.6,1.0,259.34,377.475873015873,6,6.303949442803536,1365.55,1916.28,16409.43,1.0,243.2752380952381,244.00428571428571,4,6.399764603690092,1316.5,1448.39,1894.8600000000001,0,18.74553346633911,3,network-120_gate_ebpf+app_c2_r3_20261004T094821,network,0.9850283304433871,3398.7650000000003,2.004464864730835,2.004464864730835
0.19332382601319653,0.17983611722157844,2,25946.9,1.0,357.84,396.2246031746032,10,5.268798392423222,1271.67,1882.9,"ebpf+app,full,kv1",120,2,0,hysteresis,25437.72,1.0,246.00873015873015,383.48079365079366,6,6.2998921708406,1278.43,1749.09,16319.41,1.0,241.8830158730159,242.71698412698413,4,6.399762353185055,1339.86,1458.69,1875.44,0,18.224230766296387,1,network-120_hysteresis_ebpf+app_c2_r1_20261004T091022,network,0.9843947045479351,3630.0249999999996,3.0052435398101807,4.005357503890991
0.1888517195057416,0.1843552499937002,2,26403.5,1.0,358.1714285714286,403.3314285714286,10,5.269379617470445,1303.75,1827.06,"ebpf+app,full,kv1",120,2,0,hysteresis,24815.69,1.0,246.0325396825397,374.187619047619,6,6.301352101172294,1241.87,1719.46,16801.75,1.0,249.57444444444442,250.7942857142857,4,6.399843372363526,1387.29,1547.41,1842.0300000000002,0,19.776742458343506,2,network-120_hysteresis_ebpf+app_c2_r2_20261004T093544,network,0.9846103622447157,3345.8450000000003,3.0046396255493164,3.0046396255493164
0.20315970210040346,0.18058640186702574,2,26739.15,1.0,360.3817460317461,409.49174603174606,10,5.306648838259936,1273.26,1892.63,"ebpf+app,full,kv1",120,2,0,hysteresis,25321.52,1.0,275.29047619047617,381.51063492063497,6,6.3058266587375025,1286.35,1753.69,16276.86,1.0,241.4168253968254,241.64444444444445,4,6.39981766266568,1386.45,1478.14,1895.335,0,18.8879292011261,3,network-120_hysteresis_ebpf+app_c2_r3_20261004T100502,network,0.985313487214411,3649.355,2.004812002182007,3.004945993423462
0.18489600734553607,0.202934642208515,2,24151.15,1.0,356.43904761904764,359.40380952380957,10,5.305780473111392,1409.55,1712.63,"ebpf+app,full,kv1",120,0,0,static,20163.76,1.0,243.71492063492065,299.6298412698413,8,8.376683888648772,1343.0,1425.39,16378.67,1.0,243.60253968253969,244.48777777777778,4,6.399828419517094,1401.05,1463.09,,-1,13.43253469467163,1,network-120_static_ebpf+app_c2_r1_20261004T083641,network,1.3088919482752077,,2.003795862197876,2.003795862197876
0.18876847655966353,0.19775745163393382,2,23966.43,1.0,355.5242857142858,358.5768253968254,10,5.2703623042354355,1397.27,1600.99,"ebpf+app,full,kv1",120,0,0,static,20757.26,1.0,242.17301587301588,309.09460317460315,8,8.38522220449674,1328.04,1423.71,16335.4,1.0,242.88460317460317,244.38888888888889,4,6.399808240914183,1449.6,1510.78,,-1,12.793176412582397,2,network-120_static_ebpf+app_c2_r2_20261004T100045,network,1.3102302270386386,,3.0048818588256836,3.0048818588256836
0.1842312980756474,0.20220508325375933,2,23983.83,1.0,354.9687301587301,360.05920634920636,10,5.270181764900115,1337.99,1624.18,"ebpf+app,full,kv1",120,0,0,static,20576.41,1.0,243.18571428571428,306.624126984127,8,8.37870630018315,1328.2,1456.12,16404.85,1.0,243.8790476190476,245.01285714285714,4,6.399822163755134,1393.66,1454.23,,-1,13.064409017562866,3,network-120_static_ebpf+app_c2_r3_20261004T092716,network,1.3092092382871612,,3.0051522254943848,2.0050594806671143
