experiment_id,experiment_name,folder,guide,purpose
objective-aware-2026-10-04,Objective-aware placement and live remaining-work gate,results/objective-aware-2026-10-04,results/objective-aware-2026-10-04/EXPERIMENT.md,Experiment artifacts and supporting material; see the study method for the evidence boundary.
objective-aware-2026-10-04,Objective-aware placement and live remaining-work gate,results/objective-aware-2026-10-04/analysis,results/objective-aware-2026-10-04/analysis/README.md,Derived analysis or report; follow the linked study method and raw inputs.
objective-aware-2026-10-04,Objective-aware placement and live remaining-work gate,results/objective-aware-2026-10-04/provenance,results/objective-aware-2026-10-04/provenance/README.md,"Supporting source snapshots, launch scripts, settings or process logs; not an outcome dataset."
objective-aware-2026-10-04,Objective-aware placement and live remaining-work gate,results/objective-aware-2026-10-04/raw,results/objective-aware-2026-10-04/raw/README.md,Raw measured run artifacts; subfolders and meta.json identify the workload and conditions.
objective-aware-2026-10-04,Objective-aware placement and live remaining-work gate,results/objective-aware-2026-10-04/raw/demand,results/objective-aware-2026-10-04/raw/demand/README.md,"Fixed throughput versus auto-fixed/auto-remaining: stable conditions, concurrency 1/2, 64 output tokens."
objective-aware-2026-10-04,Objective-aware placement and live remaining-work gate,results/objective-aware-2026-10-04/raw/demand/runs,results/objective-aware-2026-10-04/raw/demand/runs/README.md,"Fixed throughput versus auto-fixed/auto-remaining: stable conditions, concurrency 1/2, 64 output tokens."
objective-aware-2026-10-04,Objective-aware placement and live remaining-work gate,results/objective-aware-2026-10-04/raw/demand/runs/stable_gate_ebpf+app_auto_c2_r2_20261004T114823,results/objective-aware-2026-10-04/raw/demand/runs/stable_gate_ebpf+app_auto_c2_r2_20261004T114823/README.md,"Fixed throughput versus auto-fixed/auto-remaining: stable conditions, concurrency 1/2, 64 output tokens."
objective-aware-2026-10-04,Objective-aware placement and live remaining-work gate,results/objective-aware-2026-10-04/raw/demand/runs/stable_gate_ebpf+app_throughput_c1_r1_20261004T113410,results/objective-aware-2026-10-04/raw/demand/runs/stable_gate_ebpf+app_throughput_c1_r1_20261004T113410/README.md,"Fixed throughput versus auto-fixed/auto-remaining: stable conditions, concurrency 1/2, 64 output tokens."
objective-aware-2026-10-04,Objective-aware placement and live remaining-work gate,results/objective-aware-2026-10-04/raw/demand/runs/stable_gate_ebpf+app_auto_c1_r1_20261004T114704,results/objective-aware-2026-10-04/raw/demand/runs/stable_gate_ebpf+app_auto_c1_r1_20261004T114704/README.md,"Fixed throughput versus auto-fixed/auto-remaining: stable conditions, concurrency 1/2, 64 output tokens."
objective-aware-2026-10-04,Objective-aware placement and live remaining-work gate,results/objective-aware-2026-10-04/raw/demand/runs/stable_gate_ebpf+app_auto_c1_r1_20261004T114157,results/objective-aware-2026-10-04/raw/demand/runs/stable_gate_ebpf+app_auto_c1_r1_20261004T114157/README.md,"Fixed throughput versus auto-fixed/auto-remaining: stable conditions, concurrency 1/2, 64 output tokens."
objective-aware-2026-10-04,Objective-aware placement and live remaining-work gate,results/objective-aware-2026-10-04/raw/demand/runs/stable_gate_ebpf+app_auto_c2_r1_20261004T114038,results/objective-aware-2026-10-04/raw/demand/runs/stable_gate_ebpf+app_auto_c2_r1_20261004T114038/README.md,"Fixed throughput versus auto-fixed/auto-remaining: stable conditions, concurrency 1/2, 64 output tokens."
objective-aware-2026-10-04,Objective-aware placement and live remaining-work gate,results/objective-aware-2026-10-04/raw/demand/runs/stable_gate_ebpf+app_auto_c2_r1_20261004T113919,results/objective-aware-2026-10-04/raw/demand/runs/stable_gate_ebpf+app_auto_c2_r1_20261004T113919/README.md,"Fixed throughput versus auto-fixed/auto-remaining: stable conditions, concurrency 1/2, 64 output tokens."
objective-aware-2026-10-04,Objective-aware placement and live remaining-work gate,results/objective-aware-2026-10-04/raw/demand/runs/stable_gate_ebpf+app_throughput_c1_r2_20261004T113645,results/objective-aware-2026-10-04/raw/demand/runs/stable_gate_ebpf+app_throughput_c1_r2_20261004T113645/README.md,"Fixed throughput versus auto-fixed/auto-remaining: stable conditions, concurrency 1/2, 64 output tokens."
objective-aware-2026-10-04,Objective-aware placement and live remaining-work gate,results/objective-aware-2026-10-04/raw/demand/runs/stable_gate_ebpf+app_auto_c1_r2_20261004T113803,results/objective-aware-2026-10-04/raw/demand/runs/stable_gate_ebpf+app_auto_c1_r2_20261004T113803/README.md,"Fixed throughput versus auto-fixed/auto-remaining: stable conditions, concurrency 1/2, 64 output tokens."
objective-aware-2026-10-04,Objective-aware placement and live remaining-work gate,results/objective-aware-2026-10-04/raw/demand/runs/stable_gate_ebpf+app_throughput_c2_r2_20261004T113528,results/objective-aware-2026-10-04/raw/demand/runs/stable_gate_ebpf+app_throughput_c2_r2_20261004T113528/README.md,"Fixed throughput versus auto-fixed/auto-remaining: stable conditions, concurrency 1/2, 64 output tokens."
objective-aware-2026-10-04,Objective-aware placement and live remaining-work gate,results/objective-aware-2026-10-04/raw/demand/runs/stable_gate_ebpf+app_auto_c1_r2_20261004T114429,results/objective-aware-2026-10-04/raw/demand/runs/stable_gate_ebpf+app_auto_c1_r2_20261004T114429/README.md,"Fixed throughput versus auto-fixed/auto-remaining: stable conditions, concurrency 1/2, 64 output tokens."
objective-aware-2026-10-04,Objective-aware placement and live remaining-work gate,results/objective-aware-2026-10-04/raw/demand/runs/stable_gate_ebpf+app_throughput_c2_r1_20261004T114544,results/objective-aware-2026-10-04/raw/demand/runs/stable_gate_ebpf+app_throughput_c2_r1_20261004T114544/README.md,"Fixed throughput versus auto-fixed/auto-remaining: stable conditions, concurrency 1/2, 64 output tokens."
objective-aware-2026-10-04,Objective-aware placement and live remaining-work gate,results/objective-aware-2026-10-04/raw/demand/runs/stable_gate_ebpf+app_auto_c2_r2_20261004T114313,results/objective-aware-2026-10-04/raw/demand/runs/stable_gate_ebpf+app_auto_c2_r2_20261004T114313/README.md,"Fixed throughput versus auto-fixed/auto-remaining: stable conditions, concurrency 1/2, 64 output tokens."
objective-aware-2026-10-04,Objective-aware placement and live remaining-work gate,results/objective-aware-2026-10-04/raw/objective,results/objective-aware-2026-10-04/raw/objective/README.md,"Latency versus throughput placement: stable/network conditions, concurrency 1/2, 32 output tokens."
objective-aware-2026-10-04,Objective-aware placement and live remaining-work gate,results/objective-aware-2026-10-04/raw/objective/runs,results/objective-aware-2026-10-04/raw/objective/runs/README.md,"Latency versus throughput placement: stable/network conditions, concurrency 1/2, 32 output tokens."
objective-aware-2026-10-04,Objective-aware placement and live remaining-work gate,results/objective-aware-2026-10-04/raw/objective/runs/stable_gate_ebpf+app_latency_c1_r3_20261004T112019,results/objective-aware-2026-10-04/raw/objective/runs/stable_gate_ebpf+app_latency_c1_r3_20261004T112019/README.md,"Latency versus throughput placement: stable/network conditions, concurrency 1/2, 32 output tokens."
objective-aware-2026-10-04,Objective-aware placement and live remaining-work gate,results/objective-aware-2026-10-04/raw/objective/runs/stable_gate_ebpf+app_latency_c1_r1_20261004T111124,results/objective-aware-2026-10-04/raw/objective/runs/stable_gate_ebpf+app_latency_c1_r1_20261004T111124/README.md,"Latency versus throughput placement: stable/network conditions, concurrency 1/2, 32 output tokens."
objective-aware-2026-10-04,Objective-aware placement and live remaining-work gate,results/objective-aware-2026-10-04/raw/objective/runs/stable_gate_ebpf+app_throughput_c1_r3_20261004T112750,results/objective-aware-2026-10-04/raw/objective/runs/stable_gate_ebpf+app_throughput_c1_r3_20261004T112750/README.md,"Latency versus throughput placement: stable/network conditions, concurrency 1/2, 32 output tokens."
objective-aware-2026-10-04,Objective-aware placement and live remaining-work gate,results/objective-aware-2026-10-04/raw/objective/runs/network-120_gate_ebpf+app_throughput_c1_r2_20261004T111742,results/objective-aware-2026-10-04/raw/objective/runs/network-120_gate_ebpf+app_throughput_c1_r2_20261004T111742/README.md,"Latency versus throughput placement: stable/network conditions, concurrency 1/2, 32 output tokens."
objective-aware-2026-10-04,Objective-aware placement and live remaining-work gate,results/objective-aware-2026-10-04/raw/objective/runs/network-120_gate_ebpf+app_throughput_c1_r1_20261004T112249,results/objective-aware-2026-10-04/raw/objective/runs/network-120_gate_ebpf+app_throughput_c1_r1_20261004T112249/README.md,"Latency versus throughput placement: stable/network conditions, concurrency 1/2, 32 output tokens."
objective-aware-2026-10-04,Objective-aware placement and live remaining-work gate,results/objective-aware-2026-10-04/raw/objective/runs/stable_gate_ebpf+app_latency_c2_r2_20261004T111516,results/objective-aware-2026-10-04/raw/objective/runs/stable_gate_ebpf+app_latency_c2_r2_20261004T111516/README.md,"Latency versus throughput placement: stable/network conditions, concurrency 1/2, 32 output tokens."
objective-aware-2026-10-04,Objective-aware placement and live remaining-work gate,results/objective-aware-2026-10-04/raw/objective/runs/stable_gate_ebpf+app_latency_c2_r1_20261004T112519,results/objective-aware-2026-10-04/raw/objective/runs/stable_gate_ebpf+app_latency_c2_r1_20261004T112519/README.md,"Latency versus throughput placement: stable/network conditions, concurrency 1/2, 32 output tokens."
objective-aware-2026-10-04,Objective-aware placement and live remaining-work gate,results/objective-aware-2026-10-04/raw/objective/runs/stable_gate_ebpf+app_throughput_c1_r2_20261004T111904,results/objective-aware-2026-10-04/raw/objective/runs/stable_gate_ebpf+app_throughput_c1_r2_20261004T111904/README.md,"Latency versus throughput placement: stable/network conditions, concurrency 1/2, 32 output tokens."
objective-aware-2026-10-04,Objective-aware placement and live remaining-work gate,results/objective-aware-2026-10-04/raw/objective/runs/network-120_gate_ebpf+app_latency_c1_r2_20261004T111628,results/objective-aware-2026-10-04/raw/objective/runs/network-120_gate_ebpf+app_latency_c1_r2_20261004T111628/README.md,"Latency versus throughput placement: stable/network conditions, concurrency 1/2, 32 output tokens."
objective-aware-2026-10-04,Objective-aware placement and live remaining-work gate,results/objective-aware-2026-10-04/raw/objective/runs/stable_gate_ebpf+app_throughput_c2_r2_20261004T112135,results/objective-aware-2026-10-04/raw/objective/runs/stable_gate_ebpf+app_throughput_c2_r2_20261004T112135/README.md,"Latency versus throughput placement: stable/network conditions, concurrency 1/2, 32 output tokens."
objective-aware-2026-10-04,Objective-aware placement and live remaining-work gate,results/objective-aware-2026-10-04/raw/objective/runs/network-120_gate_ebpf+app_latency_c1_r1_20261004T112909,results/objective-aware-2026-10-04/raw/objective/runs/network-120_gate_ebpf+app_latency_c1_r1_20261004T112909/README.md,"Latency versus throughput placement: stable/network conditions, concurrency 1/2, 32 output tokens."
objective-aware-2026-10-04,Objective-aware placement and live remaining-work gate,results/objective-aware-2026-10-04/raw/objective/runs/stable_gate_ebpf+app_throughput_c1_r1_20261004T110838,results/objective-aware-2026-10-04/raw/objective/runs/stable_gate_ebpf+app_throughput_c1_r1_20261004T110838/README.md,"Latency versus throughput placement: stable/network conditions, concurrency 1/2, 32 output tokens."
objective-aware-2026-10-04,Objective-aware placement and live remaining-work gate,results/objective-aware-2026-10-04/raw/objective/runs/stable_gate_ebpf+app_throughput_c2_r1_20261004T113024,results/objective-aware-2026-10-04/raw/objective/runs/stable_gate_ebpf+app_throughput_c2_r1_20261004T113024/README.md,"Latency versus throughput placement: stable/network conditions, concurrency 1/2, 32 output tokens."
objective-aware-2026-10-04,Objective-aware placement and live remaining-work gate,results/objective-aware-2026-10-04/raw/objective/runs/network-120_gate_ebpf+app_throughput_c2_r1_20261004T111240,results/objective-aware-2026-10-04/raw/objective/runs/network-120_gate_ebpf+app_throughput_c2_r1_20261004T111240/README.md,"Latency versus throughput placement: stable/network conditions, concurrency 1/2, 32 output tokens."
objective-aware-2026-10-04,Objective-aware placement and live remaining-work gate,results/objective-aware-2026-10-04/raw/objective/runs/stable_gate_ebpf+app_latency_c1_r2_20261004T113138,results/objective-aware-2026-10-04/raw/objective/runs/stable_gate_ebpf+app_latency_c1_r2_20261004T113138/README.md,"Latency versus throughput placement: stable/network conditions, concurrency 1/2, 32 output tokens."
objective-aware-2026-10-04,Objective-aware placement and live remaining-work gate,results/objective-aware-2026-10-04/raw/objective/runs/network-120_gate_ebpf+app_throughput_c2_r2_20261004T111004,results/objective-aware-2026-10-04/raw/objective/runs/network-120_gate_ebpf+app_throughput_c2_r2_20261004T111004/README.md,"Latency versus throughput placement: stable/network conditions, concurrency 1/2, 32 output tokens."
objective-aware-2026-10-04,Objective-aware placement and live remaining-work gate,results/objective-aware-2026-10-04/raw/objective/runs/stable_gate_ebpf+app_throughput_c2_r3_20261004T112404,results/objective-aware-2026-10-04/raw/objective/runs/stable_gate_ebpf+app_throughput_c2_r3_20261004T112404/README.md,"Latency versus throughput placement: stable/network conditions, concurrency 1/2, 32 output tokens."
objective-aware-2026-10-04,Objective-aware placement and live remaining-work gate,results/objective-aware-2026-10-04/raw/objective/runs/network-120_gate_ebpf+app_latency_c2_r1_20261004T111400,results/objective-aware-2026-10-04/raw/objective/runs/network-120_gate_ebpf+app_latency_c2_r1_20261004T111400/README.md,"Latency versus throughput placement: stable/network conditions, concurrency 1/2, 32 output tokens."
objective-aware-2026-10-04,Objective-aware placement and live remaining-work gate,results/objective-aware-2026-10-04/raw/objective/runs/network-120_gate_ebpf+app_latency_c2_r2_20261004T112635,results/objective-aware-2026-10-04/raw/objective/runs/network-120_gate_ebpf+app_latency_c2_r2_20261004T112635/README.md,"Latency versus throughput placement: stable/network conditions, concurrency 1/2, 32 output tokens."
objective-aware-2026-10-04,Objective-aware placement and live remaining-work gate,results/objective-aware-2026-10-04/raw/objective/runs/stable_gate_ebpf+app_latency_c2_r3_20261004T113254,results/objective-aware-2026-10-04/raw/objective/runs/stable_gate_ebpf+app_latency_c2_r3_20261004T113254/README.md,"Latency versus throughput placement: stable/network conditions, concurrency 1/2, 32 output tokens."
azure-vm-2026-10-04,"Distributed adaptation, fault recovery and single-device baseline",results/azure-vm-2026-10-04,results/azure-vm-2026-10-04/EXPERIMENT.md,Experiment artifacts and supporting material; see the study method for the evidence boundary.
azure-vm-2026-10-04,"Distributed adaptation, fault recovery and single-device baseline",results/azure-vm-2026-10-04/replay,results/azure-vm-2026-10-04/replay/README.md,Analytical replay of recorded candidates; these rows are not new live inference trials.
azure-vm-2026-10-04,"Distributed adaptation, fault recovery and single-device baseline",results/azure-vm-2026-10-04/provenance,results/azure-vm-2026-10-04/provenance/README.md,"Supporting source snapshots, launch scripts, settings or process logs; not an outcome dataset."
azure-vm-2026-10-04,"Distributed adaptation, fault recovery and single-device baseline",results/azure-vm-2026-10-04/provenance/vm2,results/azure-vm-2026-10-04/provenance/vm2/README.md,"Supporting source snapshots, launch scripts, settings or process logs; not an outcome dataset."
azure-vm-2026-10-04,"Distributed adaptation, fault recovery and single-device baseline",results/azure-vm-2026-10-04/provenance/vm2/keinfer,results/azure-vm-2026-10-04/provenance/vm2/keinfer/README.md,"Supporting source snapshots, launch scripts, settings or process logs; not an outcome dataset."
azure-vm-2026-10-04,"Distributed adaptation, fault recovery and single-device baseline",results/azure-vm-2026-10-04/provenance/vm2/keinfer/logs,results/azure-vm-2026-10-04/provenance/vm2/keinfer/logs/README.md,"Supporting source snapshots, launch scripts, settings or process logs; not an outcome dataset."
azure-vm-2026-10-04,"Distributed adaptation, fault recovery and single-device baseline",results/azure-vm-2026-10-04/provenance/vm2/archive,results/azure-vm-2026-10-04/provenance/vm2/archive/README.md,Archived pilot or interrupted run; excluded from the completed main matrix.
azure-vm-2026-10-04,"Distributed adaptation, fault recovery and single-device baseline",results/azure-vm-2026-10-04/provenance/vm2/archive/vm-compute1.0-null,results/azure-vm-2026-10-04/provenance/vm2/archive/vm-compute1.0-null/README.md,Archived pilot or interrupted run; excluded from the completed main matrix.
azure-vm-2026-10-04,"Distributed adaptation, fault recovery and single-device baseline",results/azure-vm-2026-10-04/provenance/vm2/archive/vm-compute1.0-null/network-120_static_ebpf+app_c2_r1_20261004T082657,results/azure-vm-2026-10-04/provenance/vm2/archive/vm-compute1.0-null/network-120_static_ebpf+app_c2_r1_20261004T082657/README.md,Archived pilot or interrupted run; excluded from the completed main matrix.
azure-vm-2026-10-04,"Distributed adaptation, fault recovery and single-device baseline",results/azure-vm-2026-10-04/provenance/vm2/archive/vm-compute1.0-null/compute-1.0_gate_ebpf+app_c2_r1_20261004T082248,results/azure-vm-2026-10-04/provenance/vm2/archive/vm-compute1.0-null/compute-1.0_gate_ebpf+app_c2_r1_20261004T082248/README.md,Archived pilot or interrupted run; excluded from the completed main matrix.
azure-vm-2026-10-04,"Distributed adaptation, fault recovery and single-device baseline",results/azure-vm-2026-10-04/provenance/vm2/archive/vm-compute1.0-null/compute-1.0_static_ebpf+app_c2_r2_20261004T081809,results/azure-vm-2026-10-04/provenance/vm2/archive/vm-compute1.0-null/compute-1.0_static_ebpf+app_c2_r2_20261004T081809/README.md,Archived pilot or interrupted run; excluded from the completed main matrix.
azure-vm-2026-10-04,"Distributed adaptation, fault recovery and single-device baseline",results/azure-vm-2026-10-04/provenance/vm2/archive/pilot-0817,results/azure-vm-2026-10-04/provenance/vm2/archive/pilot-0817/README.md,Archived pilot or interrupted run; excluded from the completed main matrix.
azure-vm-2026-10-04,"Distributed adaptation, fault recovery and single-device baseline",results/azure-vm-2026-10-04/provenance/vm2/archive/pilot-0817/network-120_gate_ebpf+app_c2_r1_20261004T070902,results/azure-vm-2026-10-04/provenance/vm2/archive/pilot-0817/network-120_gate_ebpf+app_c2_r1_20261004T070902/README.md,Archived pilot or interrupted run; excluded from the completed main matrix.
azure-vm-2026-10-04,"Distributed adaptation, fault recovery and single-device baseline",results/azure-vm-2026-10-04/provenance/vm2/archive/pilot-0817/network-120_hysteresis_ebpf+app_c2_r1_20261004T063554,results/azure-vm-2026-10-04/provenance/vm2/archive/pilot-0817/network-120_hysteresis_ebpf+app_c2_r1_20261004T063554/README.md,Archived pilot or interrupted run; excluded from the completed main matrix.
azure-vm-2026-10-04,"Distributed adaptation, fault recovery and single-device baseline",results/azure-vm-2026-10-04/provenance/vm2/archive/pilot-0817/loss-0_hysteresis_ebpf+app_c2_r1_20261004T064042,results/azure-vm-2026-10-04/provenance/vm2/archive/pilot-0817/loss-0_hysteresis_ebpf+app_c2_r1_20261004T064042/README.md,Archived pilot or interrupted run; excluded from the completed main matrix.
azure-vm-2026-10-04,"Distributed adaptation, fault recovery and single-device baseline",results/azure-vm-2026-10-04/provenance/vm2/archive/pilot-0817/compute-1.0_gate_ebpf+app_c2_r1_20261004T063126,results/azure-vm-2026-10-04/provenance/vm2/archive/pilot-0817/compute-1.0_gate_ebpf+app_c2_r1_20261004T063126/README.md,Archived pilot or interrupted run; excluded from the completed main matrix.
azure-vm-2026-10-04,"Distributed adaptation, fault recovery and single-device baseline",results/azure-vm-2026-10-04/provenance/vm2/archive/pilot-0817/loss-0_gate_ebpf+app_c2_r1_20261004T064458,results/azure-vm-2026-10-04/provenance/vm2/archive/pilot-0817/loss-0_gate_ebpf+app_c2_r1_20261004T064458/README.md,Archived pilot or interrupted run; excluded from the completed main matrix.
azure-vm-2026-10-04,"Distributed adaptation, fault recovery and single-device baseline",results/azure-vm-2026-10-04/provenance/vm3,results/azure-vm-2026-10-04/provenance/vm3/README.md,"Supporting source snapshots, launch scripts, settings or process logs; not an outcome dataset."
azure-vm-2026-10-04,"Distributed adaptation, fault recovery and single-device baseline",results/azure-vm-2026-10-04/provenance/vm3/keinfer,results/azure-vm-2026-10-04/provenance/vm3/keinfer/README.md,"Supporting source snapshots, launch scripts, settings or process logs; not an outcome dataset."
azure-vm-2026-10-04,"Distributed adaptation, fault recovery and single-device baseline",results/azure-vm-2026-10-04/provenance/vm3/keinfer/logs,results/azure-vm-2026-10-04/provenance/vm3/keinfer/logs/README.md,"Supporting source snapshots, launch scripts, settings or process logs; not an outcome dataset."
azure-vm-2026-10-04,"Distributed adaptation, fault recovery and single-device baseline",results/azure-vm-2026-10-04/raw,results/azure-vm-2026-10-04/raw/README.md,Raw measured run artifacts; subfolders and meta.json identify the workload and conditions.
azure-vm-2026-10-04,"Distributed adaptation, fault recovery and single-device baseline",results/azure-vm-2026-10-04/raw/vm,results/azure-vm-2026-10-04/raw/vm/README.md,"Distributed real-model matrix: network/compute disturbances and worker loss, with policy comparisons."
azure-vm-2026-10-04,"Distributed adaptation, fault recovery and single-device baseline",results/azure-vm-2026-10-04/raw/vm/network-120_hysteresis_ebpf+app_c2_r2_20261004T093544,results/azure-vm-2026-10-04/raw/vm/network-120_hysteresis_ebpf+app_c2_r2_20261004T093544/README.md,"Distributed real-model matrix: network/compute disturbances and worker loss, with policy comparisons."
azure-vm-2026-10-04,"Distributed adaptation, fault recovery and single-device baseline",results/azure-vm-2026-10-04/raw/vm/network-120_gate-force_ebpf+app_c2_r2_20261004T090610,results/azure-vm-2026-10-04/raw/vm/network-120_gate-force_ebpf+app_c2_r2_20261004T090610/README.md,"Distributed real-model matrix: network/compute disturbances and worker loss, with policy comparisons."
azure-vm-2026-10-04,"Distributed adaptation, fault recovery and single-device baseline",results/azure-vm-2026-10-04/raw/vm/compute-0.5_hysteresis_ebpf+app_c2_r2_20261004T094409,results/azure-vm-2026-10-04/raw/vm/compute-0.5_hysteresis_ebpf+app_c2_r2_20261004T094409/README.md,"Distributed real-model matrix: network/compute disturbances and worker loss, with policy comparisons."
azure-vm-2026-10-04,"Distributed adaptation, fault recovery and single-device baseline",results/azure-vm-2026-10-04/raw/vm/loss-0_gate_ebpf+app_c2_r2_20261004T102202,results/azure-vm-2026-10-04/raw/vm/loss-0_gate_ebpf+app_c2_r2_20261004T102202/README.md,"Distributed real-model matrix: network/compute disturbances and worker loss, with policy comparisons."
azure-vm-2026-10-04,"Distributed adaptation, fault recovery and single-device baseline",results/azure-vm-2026-10-04/raw/vm/loss-0_static_ebpf+app_c2_r2_20261004T101748,results/azure-vm-2026-10-04/raw/vm/loss-0_static_ebpf+app_c2_r2_20261004T101748/README.md,"Distributed real-model matrix: network/compute disturbances and worker loss, with policy comparisons."
azure-vm-2026-10-04,"Distributed adaptation, fault recovery and single-device baseline",results/azure-vm-2026-10-04/raw/vm/network-120_gate-force_ebpf+app_c2_r1_20261004T095637,results/azure-vm-2026-10-04/raw/vm/network-120_gate-force_ebpf+app_c2_r1_20261004T095637/README.md,"Distributed real-model matrix: network/compute disturbances and worker loss, with policy comparisons."
azure-vm-2026-10-04,"Distributed adaptation, fault recovery and single-device baseline",results/azure-vm-2026-10-04/raw/vm/compute-0.5_static_ebpf+app_c2_r2_20261004T082826,results/azure-vm-2026-10-04/raw/vm/compute-0.5_static_ebpf+app_c2_r2_20261004T082826/README.md,"Distributed real-model matrix: network/compute disturbances and worker loss, with policy comparisons."
azure-vm-2026-10-04,"Distributed adaptation, fault recovery and single-device baseline",results/azure-vm-2026-10-04/raw/vm/loss-0_gate_ebpf+app_c2_r1_20261004T102621,results/azure-vm-2026-10-04/raw/vm/loss-0_gate_ebpf+app_c2_r1_20261004T102621/README.md,"Distributed real-model matrix: network/compute disturbances and worker loss, with policy comparisons."
azure-vm-2026-10-04,"Distributed adaptation, fault recovery and single-device baseline",results/azure-vm-2026-10-04/raw/vm/compute-0.5_gate_ebpf+app_c2_r3_20261004T085741,results/azure-vm-2026-10-04/raw/vm/compute-0.5_gate_ebpf+app_c2_r3_20261004T085741/README.md,"Distributed real-model matrix: network/compute disturbances and worker loss, with policy comparisons."
azure-vm-2026-10-04,"Distributed adaptation, fault recovery and single-device baseline",results/azure-vm-2026-10-04/raw/vm/network-120_static_ebpf+app_c2_r1_20261004T083641,results/azure-vm-2026-10-04/raw/vm/network-120_static_ebpf+app_c2_r1_20261004T083641/README.md,"Distributed real-model matrix: network/compute disturbances and worker loss, with policy comparisons."
azure-vm-2026-10-04,"Distributed adaptation, fault recovery and single-device baseline",results/azure-vm-2026-10-04/raw/vm/network-120_gate-force_ebpf+app_c2_r3_20261004T084055,results/azure-vm-2026-10-04/raw/vm/network-120_gate-force_ebpf+app_c2_r3_20261004T084055/README.md,"Distributed real-model matrix: network/compute disturbances and worker loss, with policy comparisons."
azure-vm-2026-10-04,"Distributed adaptation, fault recovery and single-device baseline",results/azure-vm-2026-10-04/raw/vm/compute-0.5_hysteresis_ebpf+app_c2_r3_20261004T092304,results/azure-vm-2026-10-04/raw/vm/compute-0.5_hysteresis_ebpf+app_c2_r3_20261004T092304/README.md,"Distributed real-model matrix: network/compute disturbances and worker loss, with policy comparisons."
azure-vm-2026-10-04,"Distributed adaptation, fault recovery and single-device baseline",results/azure-vm-2026-10-04/raw/vm/compute-0.5_gate-force_ebpf+app_c2_r3_20261004T091432,results/azure-vm-2026-10-04/raw/vm/compute-0.5_gate-force_ebpf+app_c2_r3_20261004T091432/README.md,"Distributed real-model matrix: network/compute disturbances and worker loss, with policy comparisons."
azure-vm-2026-10-04,"Distributed adaptation, fault recovery and single-device baseline",results/azure-vm-2026-10-04/raw/vm/compute-0.5_gate-force_ebpf+app_c2_r2_20261004T090158,results/azure-vm-2026-10-04/raw/vm/compute-0.5_gate-force_ebpf+app_c2_r2_20261004T090158/README.md,"Distributed real-model matrix: network/compute disturbances and worker loss, with policy comparisons."
azure-vm-2026-10-04,"Distributed adaptation, fault recovery and single-device baseline",results/azure-vm-2026-10-04/raw/vm/loss-0_hysteresis_ebpf+app_c2_r1_20261004T103039,results/azure-vm-2026-10-04/raw/vm/loss-0_hysteresis_ebpf+app_c2_r1_20261004T103039/README.md,"Distributed real-model matrix: network/compute disturbances and worker loss, with policy comparisons."
azure-vm-2026-10-04,"Distributed adaptation, fault recovery and single-device baseline",results/azure-vm-2026-10-04/raw/vm/compute-0.5_static_ebpf+app_c2_r3_20261004T084928,results/azure-vm-2026-10-04/raw/vm/compute-0.5_static_ebpf+app_c2_r3_20261004T084928/README.md,"Distributed real-model matrix: network/compute disturbances and worker loss, with policy comparisons."
azure-vm-2026-10-04,"Distributed adaptation, fault recovery and single-device baseline",results/azure-vm-2026-10-04/raw/vm/compute-0.5_hysteresis_ebpf+app_c2_r1_20261004T093133,results/azure-vm-2026-10-04/raw/vm/compute-0.5_hysteresis_ebpf+app_c2_r1_20261004T093133/README.md,"Distributed real-model matrix: network/compute disturbances and worker loss, with policy comparisons."
azure-vm-2026-10-04,"Distributed adaptation, fault recovery and single-device baseline",results/azure-vm-2026-10-04/raw/vm/loss-0_hysteresis_ebpf+app_c2_r2_20261004T100918,results/azure-vm-2026-10-04/raw/vm/loss-0_hysteresis_ebpf+app_c2_r2_20261004T100918/README.md,"Distributed real-model matrix: network/compute disturbances and worker loss, with policy comparisons."
azure-vm-2026-10-04,"Distributed adaptation, fault recovery and single-device baseline",results/azure-vm-2026-10-04/raw/vm/network-120_hysteresis_ebpf+app_c2_r3_20261004T100502,results/azure-vm-2026-10-04/raw/vm/network-120_hysteresis_ebpf+app_c2_r3_20261004T100502/README.md,"Distributed real-model matrix: network/compute disturbances and worker loss, with policy comparisons."
azure-vm-2026-10-04,"Distributed adaptation, fault recovery and single-device baseline",results/azure-vm-2026-10-04/raw/vm/network-120_gate_ebpf+app_c2_r2_20261004T084509,results/azure-vm-2026-10-04/raw/vm/network-120_gate_ebpf+app_c2_r2_20261004T084509/README.md,"Distributed real-model matrix: network/compute disturbances and worker loss, with policy comparisons."
azure-vm-2026-10-04,"Distributed adaptation, fault recovery and single-device baseline",results/azure-vm-2026-10-04/raw/vm/network-120_gate_ebpf+app_c2_r1_20261004T093955,results/azure-vm-2026-10-04/raw/vm/network-120_gate_ebpf+app_c2_r1_20261004T093955/README.md,"Distributed real-model matrix: network/compute disturbances and worker loss, with policy comparisons."
azure-vm-2026-10-04,"Distributed adaptation, fault recovery and single-device baseline",results/azure-vm-2026-10-04/raw/vm/compute-0.5_static_ebpf+app_c2_r1_20261004T095233,results/azure-vm-2026-10-04/raw/vm/compute-0.5_static_ebpf+app_c2_r1_20261004T095233/README.md,"Distributed real-model matrix: network/compute disturbances and worker loss, with policy comparisons."
azure-vm-2026-10-04,"Distributed adaptation, fault recovery and single-device baseline",results/azure-vm-2026-10-04/raw/vm/compute-0.5_gate_ebpf+app_c2_r2_20261004T085332,results/azure-vm-2026-10-04/raw/vm/compute-0.5_gate_ebpf+app_c2_r2_20261004T085332/README.md,"Distributed real-model matrix: network/compute disturbances and worker loss, with policy comparisons."
azure-vm-2026-10-04,"Distributed adaptation, fault recovery and single-device baseline",results/azure-vm-2026-10-04/raw/vm/network-120_gate_ebpf+app_c2_r3_20261004T094821,results/azure-vm-2026-10-04/raw/vm/network-120_gate_ebpf+app_c2_r3_20261004T094821/README.md,"Distributed real-model matrix: network/compute disturbances and worker loss, with policy comparisons."
azure-vm-2026-10-04,"Distributed adaptation, fault recovery and single-device baseline",results/azure-vm-2026-10-04/raw/vm/network-120_static_ebpf+app_c2_r3_20261004T092716,results/azure-vm-2026-10-04/raw/vm/network-120_static_ebpf+app_c2_r3_20261004T092716/README.md,"Distributed real-model matrix: network/compute disturbances and worker loss, with policy comparisons."
azure-vm-2026-10-04,"Distributed adaptation, fault recovery and single-device baseline",results/azure-vm-2026-10-04/raw/vm/compute-0.5_gate-force_ebpf+app_c2_r1_20261004T091852,results/azure-vm-2026-10-04/raw/vm/compute-0.5_gate-force_ebpf+app_c2_r1_20261004T091852/README.md,"Distributed real-model matrix: network/compute disturbances and worker loss, with policy comparisons."
azure-vm-2026-10-04,"Distributed adaptation, fault recovery and single-device baseline",results/azure-vm-2026-10-04/raw/vm/network-120_static_ebpf+app_c2_r2_20261004T100045,results/azure-vm-2026-10-04/raw/vm/network-120_static_ebpf+app_c2_r2_20261004T100045/README.md,"Distributed real-model matrix: network/compute disturbances and worker loss, with policy comparisons."
azure-vm-2026-10-04,"Distributed adaptation, fault recovery and single-device baseline",results/azure-vm-2026-10-04/raw/vm/compute-0.5_gate_ebpf+app_c2_r1_20261004T083226,results/azure-vm-2026-10-04/raw/vm/compute-0.5_gate_ebpf+app_c2_r1_20261004T083226/README.md,"Distributed real-model matrix: network/compute disturbances and worker loss, with policy comparisons."
azure-vm-2026-10-04,"Distributed adaptation, fault recovery and single-device baseline",results/azure-vm-2026-10-04/raw/vm/network-120_hysteresis_ebpf+app_c2_r1_20261004T091022,results/azure-vm-2026-10-04/raw/vm/network-120_hysteresis_ebpf+app_c2_r1_20261004T091022/README.md,"Distributed real-model matrix: network/compute disturbances and worker loss, with policy comparisons."
azure-vm-2026-10-04,"Distributed adaptation, fault recovery and single-device baseline",results/azure-vm-2026-10-04/raw/vm/loss-0_static_ebpf+app_c2_r1_20261004T101333,results/azure-vm-2026-10-04/raw/vm/loss-0_static_ebpf+app_c2_r1_20261004T101333/README.md,"Distributed real-model matrix: network/compute disturbances and worker loss, with policy comparisons."
azure-vm-2026-10-04,"Distributed adaptation, fault recovery and single-device baseline",results/azure-vm-2026-10-04/raw/vm-single,results/azure-vm-2026-10-04/raw/vm-single/README.md,"Single-device baseline: all layers on vm2, one worker, three repeats, no injected fault."
azure-vm-2026-10-04,"Distributed adaptation, fault recovery and single-device baseline",results/azure-vm-2026-10-04/raw/vm-single/stable_static_ebpf+app_c2_r2_20261004T104350,results/azure-vm-2026-10-04/raw/vm-single/stable_static_ebpf+app_c2_r2_20261004T104350/README.md,"Single-device baseline: all layers on vm2, one worker, three repeats, no injected fault."
azure-vm-2026-10-04,"Distributed adaptation, fault recovery and single-device baseline",results/azure-vm-2026-10-04/raw/vm-single/stable_static_ebpf+app_c2_r1_20261004T103931,results/azure-vm-2026-10-04/raw/vm-single/stable_static_ebpf+app_c2_r1_20261004T103931/README.md,"Single-device baseline: all layers on vm2, one worker, three repeats, no injected fault."
azure-vm-2026-10-04,"Distributed adaptation, fault recovery and single-device baseline",results/azure-vm-2026-10-04/raw/vm-single/stable_static_ebpf+app_c2_r3_20261004T103509,results/azure-vm-2026-10-04/raw/vm-single/stable_static_ebpf+app_c2_r3_20261004T103509/README.md,"Single-device baseline: all layers on vm2, one worker, three repeats, no injected fault."
azure-vm-2026-10-04,"Distributed adaptation, fault recovery and single-device baseline",docs/data/azure-vm-2026-10-04,docs/data/azure-vm-2026-10-04/EXPERIMENT.md,Experiment artifacts and supporting material; see the study method for the evidence boundary.
azure-vm-2026-10-04,"Distributed adaptation, fault recovery and single-device baseline",docs/data/azure-vm-2026-10-04/replay,docs/data/azure-vm-2026-10-04/replay/README.md,Analytical replay of recorded candidates; these rows are not new live inference trials.
azure-vm-2026-10-04,"Distributed adaptation, fault recovery and single-device baseline",docs/data/azure-vm-2026-10-04/provenance,docs/data/azure-vm-2026-10-04/provenance/README.md,"Supporting source snapshots, launch scripts, settings or process logs; not an outcome dataset."
azure-vm-2026-10-04,"Distributed adaptation, fault recovery and single-device baseline",docs/data/azure-vm-2026-10-04/provenance/vm2,docs/data/azure-vm-2026-10-04/provenance/vm2/README.md,"Supporting source snapshots, launch scripts, settings or process logs; not an outcome dataset."
azure-vm-2026-10-04,"Distributed adaptation, fault recovery and single-device baseline",docs/data/azure-vm-2026-10-04/provenance/vm2/keinfer,docs/data/azure-vm-2026-10-04/provenance/vm2/keinfer/README.md,"Supporting source snapshots, launch scripts, settings or process logs; not an outcome dataset."
azure-vm-2026-10-04,"Distributed adaptation, fault recovery and single-device baseline",docs/data/azure-vm-2026-10-04/provenance/vm2/keinfer/logs,docs/data/azure-vm-2026-10-04/provenance/vm2/keinfer/logs/README.md,"Supporting source snapshots, launch scripts, settings or process logs; not an outcome dataset."
azure-vm-2026-10-04,"Distributed adaptation, fault recovery and single-device baseline",docs/data/azure-vm-2026-10-04/provenance/vm2/archive,docs/data/azure-vm-2026-10-04/provenance/vm2/archive/README.md,Archived pilot or interrupted run; excluded from the completed main matrix.
azure-vm-2026-10-04,"Distributed adaptation, fault recovery and single-device baseline",docs/data/azure-vm-2026-10-04/provenance/vm2/archive/vm-compute1.0-null,docs/data/azure-vm-2026-10-04/provenance/vm2/archive/vm-compute1.0-null/README.md,Archived pilot or interrupted run; excluded from the completed main matrix.
azure-vm-2026-10-04,"Distributed adaptation, fault recovery and single-device baseline",docs/data/azure-vm-2026-10-04/provenance/vm2/archive/vm-compute1.0-null/network-120_static_ebpf+app_c2_r1_20261004T082657,docs/data/azure-vm-2026-10-04/provenance/vm2/archive/vm-compute1.0-null/network-120_static_ebpf+app_c2_r1_20261004T082657/README.md,Archived pilot or interrupted run; excluded from the completed main matrix.
azure-vm-2026-10-04,"Distributed adaptation, fault recovery and single-device baseline",docs/data/azure-vm-2026-10-04/provenance/vm2/archive/vm-compute1.0-null/compute-1.0_gate_ebpf+app_c2_r1_20261004T082248,docs/data/azure-vm-2026-10-04/provenance/vm2/archive/vm-compute1.0-null/compute-1.0_gate_ebpf+app_c2_r1_20261004T082248/README.md,Archived pilot or interrupted run; excluded from the completed main matrix.
azure-vm-2026-10-04,"Distributed adaptation, fault recovery and single-device baseline",docs/data/azure-vm-2026-10-04/provenance/vm2/archive/vm-compute1.0-null/compute-1.0_static_ebpf+app_c2_r2_20261004T081809,docs/data/azure-vm-2026-10-04/provenance/vm2/archive/vm-compute1.0-null/compute-1.0_static_ebpf+app_c2_r2_20261004T081809/README.md,Archived pilot or interrupted run; excluded from the completed main matrix.
azure-vm-2026-10-04,"Distributed adaptation, fault recovery and single-device baseline",docs/data/azure-vm-2026-10-04/provenance/vm2/archive/pilot-0817,docs/data/azure-vm-2026-10-04/provenance/vm2/archive/pilot-0817/README.md,Archived pilot or interrupted run; excluded from the completed main matrix.
azure-vm-2026-10-04,"Distributed adaptation, fault recovery and single-device baseline",docs/data/azure-vm-2026-10-04/provenance/vm2/archive/pilot-0817/network-120_gate_ebpf+app_c2_r1_20261004T070902,docs/data/azure-vm-2026-10-04/provenance/vm2/archive/pilot-0817/network-120_gate_ebpf+app_c2_r1_20261004T070902/README.md,Archived pilot or interrupted run; excluded from the completed main matrix.
azure-vm-2026-10-04,"Distributed adaptation, fault recovery and single-device baseline",docs/data/azure-vm-2026-10-04/provenance/vm2/archive/pilot-0817/network-120_hysteresis_ebpf+app_c2_r1_20261004T063554,docs/data/azure-vm-2026-10-04/provenance/vm2/archive/pilot-0817/network-120_hysteresis_ebpf+app_c2_r1_20261004T063554/README.md,Archived pilot or interrupted run; excluded from the completed main matrix.
azure-vm-2026-10-04,"Distributed adaptation, fault recovery and single-device baseline",docs/data/azure-vm-2026-10-04/provenance/vm2/archive/pilot-0817/loss-0_hysteresis_ebpf+app_c2_r1_20261004T064042,docs/data/azure-vm-2026-10-04/provenance/vm2/archive/pilot-0817/loss-0_hysteresis_ebpf+app_c2_r1_20261004T064042/README.md,Archived pilot or interrupted run; excluded from the completed main matrix.
azure-vm-2026-10-04,"Distributed adaptation, fault recovery and single-device baseline",docs/data/azure-vm-2026-10-04/provenance/vm2/archive/pilot-0817/compute-1.0_gate_ebpf+app_c2_r1_20261004T063126,docs/data/azure-vm-2026-10-04/provenance/vm2/archive/pilot-0817/compute-1.0_gate_ebpf+app_c2_r1_20261004T063126/README.md,Archived pilot or interrupted run; excluded from the completed main matrix.
azure-vm-2026-10-04,"Distributed adaptation, fault recovery and single-device baseline",docs/data/azure-vm-2026-10-04/provenance/vm2/archive/pilot-0817/loss-0_gate_ebpf+app_c2_r1_20261004T064458,docs/data/azure-vm-2026-10-04/provenance/vm2/archive/pilot-0817/loss-0_gate_ebpf+app_c2_r1_20261004T064458/README.md,Archived pilot or interrupted run; excluded from the completed main matrix.
azure-vm-2026-10-04,"Distributed adaptation, fault recovery and single-device baseline",docs/data/azure-vm-2026-10-04/provenance/vm3,docs/data/azure-vm-2026-10-04/provenance/vm3/README.md,"Supporting source snapshots, launch scripts, settings or process logs; not an outcome dataset."
azure-vm-2026-10-04,"Distributed adaptation, fault recovery and single-device baseline",docs/data/azure-vm-2026-10-04/provenance/vm3/keinfer,docs/data/azure-vm-2026-10-04/provenance/vm3/keinfer/README.md,"Supporting source snapshots, launch scripts, settings or process logs; not an outcome dataset."
azure-vm-2026-10-04,"Distributed adaptation, fault recovery and single-device baseline",docs/data/azure-vm-2026-10-04/provenance/vm3/keinfer/logs,docs/data/azure-vm-2026-10-04/provenance/vm3/keinfer/logs/README.md,"Supporting source snapshots, launch scripts, settings or process logs; not an outcome dataset."
azure-vm-2026-10-04,"Distributed adaptation, fault recovery and single-device baseline",docs/data/azure-vm-2026-10-04/raw,docs/data/azure-vm-2026-10-04/raw/README.md,Raw measured run artifacts; subfolders and meta.json identify the workload and conditions.
azure-vm-2026-10-04,"Distributed adaptation, fault recovery and single-device baseline",docs/data/azure-vm-2026-10-04/raw/vm,docs/data/azure-vm-2026-10-04/raw/vm/README.md,"Distributed real-model matrix: network/compute disturbances and worker loss, with policy comparisons."
azure-vm-2026-10-04,"Distributed adaptation, fault recovery and single-device baseline",docs/data/azure-vm-2026-10-04/raw/vm/network-120_hysteresis_ebpf+app_c2_r2_20261004T093544,docs/data/azure-vm-2026-10-04/raw/vm/network-120_hysteresis_ebpf+app_c2_r2_20261004T093544/README.md,"Distributed real-model matrix: network/compute disturbances and worker loss, with policy comparisons."
azure-vm-2026-10-04,"Distributed adaptation, fault recovery and single-device baseline",docs/data/azure-vm-2026-10-04/raw/vm/network-120_gate-force_ebpf+app_c2_r2_20261004T090610,docs/data/azure-vm-2026-10-04/raw/vm/network-120_gate-force_ebpf+app_c2_r2_20261004T090610/README.md,"Distributed real-model matrix: network/compute disturbances and worker loss, with policy comparisons."
azure-vm-2026-10-04,"Distributed adaptation, fault recovery and single-device baseline",docs/data/azure-vm-2026-10-04/raw/vm/compute-0.5_hysteresis_ebpf+app_c2_r2_20261004T094409,docs/data/azure-vm-2026-10-04/raw/vm/compute-0.5_hysteresis_ebpf+app_c2_r2_20261004T094409/README.md,"Distributed real-model matrix: network/compute disturbances and worker loss, with policy comparisons."
azure-vm-2026-10-04,"Distributed adaptation, fault recovery and single-device baseline",docs/data/azure-vm-2026-10-04/raw/vm/loss-0_gate_ebpf+app_c2_r2_20261004T102202,docs/data/azure-vm-2026-10-04/raw/vm/loss-0_gate_ebpf+app_c2_r2_20261004T102202/README.md,"Distributed real-model matrix: network/compute disturbances and worker loss, with policy comparisons."
azure-vm-2026-10-04,"Distributed adaptation, fault recovery and single-device baseline",docs/data/azure-vm-2026-10-04/raw/vm/loss-0_static_ebpf+app_c2_r2_20261004T101748,docs/data/azure-vm-2026-10-04/raw/vm/loss-0_static_ebpf+app_c2_r2_20261004T101748/README.md,"Distributed real-model matrix: network/compute disturbances and worker loss, with policy comparisons."
azure-vm-2026-10-04,"Distributed adaptation, fault recovery and single-device baseline",docs/data/azure-vm-2026-10-04/raw/vm/network-120_gate-force_ebpf+app_c2_r1_20261004T095637,docs/data/azure-vm-2026-10-04/raw/vm/network-120_gate-force_ebpf+app_c2_r1_20261004T095637/README.md,"Distributed real-model matrix: network/compute disturbances and worker loss, with policy comparisons."
azure-vm-2026-10-04,"Distributed adaptation, fault recovery and single-device baseline",docs/data/azure-vm-2026-10-04/raw/vm/compute-0.5_static_ebpf+app_c2_r2_20261004T082826,docs/data/azure-vm-2026-10-04/raw/vm/compute-0.5_static_ebpf+app_c2_r2_20261004T082826/README.md,"Distributed real-model matrix: network/compute disturbances and worker loss, with policy comparisons."
azure-vm-2026-10-04,"Distributed adaptation, fault recovery and single-device baseline",docs/data/azure-vm-2026-10-04/raw/vm/loss-0_gate_ebpf+app_c2_r1_20261004T102621,docs/data/azure-vm-2026-10-04/raw/vm/loss-0_gate_ebpf+app_c2_r1_20261004T102621/README.md,"Distributed real-model matrix: network/compute disturbances and worker loss, with policy comparisons."
azure-vm-2026-10-04,"Distributed adaptation, fault recovery and single-device baseline",docs/data/azure-vm-2026-10-04/raw/vm/compute-0.5_gate_ebpf+app_c2_r3_20261004T085741,docs/data/azure-vm-2026-10-04/raw/vm/compute-0.5_gate_ebpf+app_c2_r3_20261004T085741/README.md,"Distributed real-model matrix: network/compute disturbances and worker loss, with policy comparisons."
azure-vm-2026-10-04,"Distributed adaptation, fault recovery and single-device baseline",docs/data/azure-vm-2026-10-04/raw/vm/network-120_static_ebpf+app_c2_r1_20261004T083641,docs/data/azure-vm-2026-10-04/raw/vm/network-120_static_ebpf+app_c2_r1_20261004T083641/README.md,"Distributed real-model matrix: network/compute disturbances and worker loss, with policy comparisons."
azure-vm-2026-10-04,"Distributed adaptation, fault recovery and single-device baseline",docs/data/azure-vm-2026-10-04/raw/vm/network-120_gate-force_ebpf+app_c2_r3_20261004T084055,docs/data/azure-vm-2026-10-04/raw/vm/network-120_gate-force_ebpf+app_c2_r3_20261004T084055/README.md,"Distributed real-model matrix: network/compute disturbances and worker loss, with policy comparisons."
azure-vm-2026-10-04,"Distributed adaptation, fault recovery and single-device baseline",docs/data/azure-vm-2026-10-04/raw/vm/compute-0.5_hysteresis_ebpf+app_c2_r3_20261004T092304,docs/data/azure-vm-2026-10-04/raw/vm/compute-0.5_hysteresis_ebpf+app_c2_r3_20261004T092304/README.md,"Distributed real-model matrix: network/compute disturbances and worker loss, with policy comparisons."
azure-vm-2026-10-04,"Distributed adaptation, fault recovery and single-device baseline",docs/data/azure-vm-2026-10-04/raw/vm/compute-0.5_gate-force_ebpf+app_c2_r3_20261004T091432,docs/data/azure-vm-2026-10-04/raw/vm/compute-0.5_gate-force_ebpf+app_c2_r3_20261004T091432/README.md,"Distributed real-model matrix: network/compute disturbances and worker loss, with policy comparisons."
azure-vm-2026-10-04,"Distributed adaptation, fault recovery and single-device baseline",docs/data/azure-vm-2026-10-04/raw/vm/compute-0.5_gate-force_ebpf+app_c2_r2_20261004T090158,docs/data/azure-vm-2026-10-04/raw/vm/compute-0.5_gate-force_ebpf+app_c2_r2_20261004T090158/README.md,"Distributed real-model matrix: network/compute disturbances and worker loss, with policy comparisons."
azure-vm-2026-10-04,"Distributed adaptation, fault recovery and single-device baseline",docs/data/azure-vm-2026-10-04/raw/vm/loss-0_hysteresis_ebpf+app_c2_r1_20261004T103039,docs/data/azure-vm-2026-10-04/raw/vm/loss-0_hysteresis_ebpf+app_c2_r1_20261004T103039/README.md,"Distributed real-model matrix: network/compute disturbances and worker loss, with policy comparisons."
azure-vm-2026-10-04,"Distributed adaptation, fault recovery and single-device baseline",docs/data/azure-vm-2026-10-04/raw/vm/compute-0.5_static_ebpf+app_c2_r3_20261004T084928,docs/data/azure-vm-2026-10-04/raw/vm/compute-0.5_static_ebpf+app_c2_r3_20261004T084928/README.md,"Distributed real-model matrix: network/compute disturbances and worker loss, with policy comparisons."
azure-vm-2026-10-04,"Distributed adaptation, fault recovery and single-device baseline",docs/data/azure-vm-2026-10-04/raw/vm/compute-0.5_hysteresis_ebpf+app_c2_r1_20261004T093133,docs/data/azure-vm-2026-10-04/raw/vm/compute-0.5_hysteresis_ebpf+app_c2_r1_20261004T093133/README.md,"Distributed real-model matrix: network/compute disturbances and worker loss, with policy comparisons."
azure-vm-2026-10-04,"Distributed adaptation, fault recovery and single-device baseline",docs/data/azure-vm-2026-10-04/raw/vm/loss-0_hysteresis_ebpf+app_c2_r2_20261004T100918,docs/data/azure-vm-2026-10-04/raw/vm/loss-0_hysteresis_ebpf+app_c2_r2_20261004T100918/README.md,"Distributed real-model matrix: network/compute disturbances and worker loss, with policy comparisons."
azure-vm-2026-10-04,"Distributed adaptation, fault recovery and single-device baseline",docs/data/azure-vm-2026-10-04/raw/vm/network-120_hysteresis_ebpf+app_c2_r3_20261004T100502,docs/data/azure-vm-2026-10-04/raw/vm/network-120_hysteresis_ebpf+app_c2_r3_20261004T100502/README.md,"Distributed real-model matrix: network/compute disturbances and worker loss, with policy comparisons."
azure-vm-2026-10-04,"Distributed adaptation, fault recovery and single-device baseline",docs/data/azure-vm-2026-10-04/raw/vm/network-120_gate_ebpf+app_c2_r2_20261004T084509,docs/data/azure-vm-2026-10-04/raw/vm/network-120_gate_ebpf+app_c2_r2_20261004T084509/README.md,"Distributed real-model matrix: network/compute disturbances and worker loss, with policy comparisons."
azure-vm-2026-10-04,"Distributed adaptation, fault recovery and single-device baseline",docs/data/azure-vm-2026-10-04/raw/vm/network-120_gate_ebpf+app_c2_r1_20261004T093955,docs/data/azure-vm-2026-10-04/raw/vm/network-120_gate_ebpf+app_c2_r1_20261004T093955/README.md,"Distributed real-model matrix: network/compute disturbances and worker loss, with policy comparisons."
azure-vm-2026-10-04,"Distributed adaptation, fault recovery and single-device baseline",docs/data/azure-vm-2026-10-04/raw/vm/compute-0.5_static_ebpf+app_c2_r1_20261004T095233,docs/data/azure-vm-2026-10-04/raw/vm/compute-0.5_static_ebpf+app_c2_r1_20261004T095233/README.md,"Distributed real-model matrix: network/compute disturbances and worker loss, with policy comparisons."
azure-vm-2026-10-04,"Distributed adaptation, fault recovery and single-device baseline",docs/data/azure-vm-2026-10-04/raw/vm/compute-0.5_gate_ebpf+app_c2_r2_20261004T085332,docs/data/azure-vm-2026-10-04/raw/vm/compute-0.5_gate_ebpf+app_c2_r2_20261004T085332/README.md,"Distributed real-model matrix: network/compute disturbances and worker loss, with policy comparisons."
azure-vm-2026-10-04,"Distributed adaptation, fault recovery and single-device baseline",docs/data/azure-vm-2026-10-04/raw/vm/network-120_gate_ebpf+app_c2_r3_20261004T094821,docs/data/azure-vm-2026-10-04/raw/vm/network-120_gate_ebpf+app_c2_r3_20261004T094821/README.md,"Distributed real-model matrix: network/compute disturbances and worker loss, with policy comparisons."
azure-vm-2026-10-04,"Distributed adaptation, fault recovery and single-device baseline",docs/data/azure-vm-2026-10-04/raw/vm/network-120_static_ebpf+app_c2_r3_20261004T092716,docs/data/azure-vm-2026-10-04/raw/vm/network-120_static_ebpf+app_c2_r3_20261004T092716/README.md,"Distributed real-model matrix: network/compute disturbances and worker loss, with policy comparisons."
azure-vm-2026-10-04,"Distributed adaptation, fault recovery and single-device baseline",docs/data/azure-vm-2026-10-04/raw/vm/compute-0.5_gate-force_ebpf+app_c2_r1_20261004T091852,docs/data/azure-vm-2026-10-04/raw/vm/compute-0.5_gate-force_ebpf+app_c2_r1_20261004T091852/README.md,"Distributed real-model matrix: network/compute disturbances and worker loss, with policy comparisons."
azure-vm-2026-10-04,"Distributed adaptation, fault recovery and single-device baseline",docs/data/azure-vm-2026-10-04/raw/vm/network-120_static_ebpf+app_c2_r2_20261004T100045,docs/data/azure-vm-2026-10-04/raw/vm/network-120_static_ebpf+app_c2_r2_20261004T100045/README.md,"Distributed real-model matrix: network/compute disturbances and worker loss, with policy comparisons."
azure-vm-2026-10-04,"Distributed adaptation, fault recovery and single-device baseline",docs/data/azure-vm-2026-10-04/raw/vm/compute-0.5_gate_ebpf+app_c2_r1_20261004T083226,docs/data/azure-vm-2026-10-04/raw/vm/compute-0.5_gate_ebpf+app_c2_r1_20261004T083226/README.md,"Distributed real-model matrix: network/compute disturbances and worker loss, with policy comparisons."
azure-vm-2026-10-04,"Distributed adaptation, fault recovery and single-device baseline",docs/data/azure-vm-2026-10-04/raw/vm/network-120_hysteresis_ebpf+app_c2_r1_20261004T091022,docs/data/azure-vm-2026-10-04/raw/vm/network-120_hysteresis_ebpf+app_c2_r1_20261004T091022/README.md,"Distributed real-model matrix: network/compute disturbances and worker loss, with policy comparisons."
azure-vm-2026-10-04,"Distributed adaptation, fault recovery and single-device baseline",docs/data/azure-vm-2026-10-04/raw/vm/loss-0_static_ebpf+app_c2_r1_20261004T101333,docs/data/azure-vm-2026-10-04/raw/vm/loss-0_static_ebpf+app_c2_r1_20261004T101333/README.md,"Distributed real-model matrix: network/compute disturbances and worker loss, with policy comparisons."
azure-vm-2026-10-04,"Distributed adaptation, fault recovery and single-device baseline",docs/data/azure-vm-2026-10-04/raw/vm-single,docs/data/azure-vm-2026-10-04/raw/vm-single/README.md,"Single-device baseline: all layers on vm2, one worker, three repeats, no injected fault."
azure-vm-2026-10-04,"Distributed adaptation, fault recovery and single-device baseline",docs/data/azure-vm-2026-10-04/raw/vm-single/stable_static_ebpf+app_c2_r2_20261004T104350,docs/data/azure-vm-2026-10-04/raw/vm-single/stable_static_ebpf+app_c2_r2_20261004T104350/README.md,"Single-device baseline: all layers on vm2, one worker, three repeats, no injected fault."
azure-vm-2026-10-04,"Distributed adaptation, fault recovery and single-device baseline",docs/data/azure-vm-2026-10-04/raw/vm-single/stable_static_ebpf+app_c2_r1_20261004T103931,docs/data/azure-vm-2026-10-04/raw/vm-single/stable_static_ebpf+app_c2_r1_20261004T103931/README.md,"Single-device baseline: all layers on vm2, one worker, three repeats, no injected fault."
azure-vm-2026-10-04,"Distributed adaptation, fault recovery and single-device baseline",docs/data/azure-vm-2026-10-04/raw/vm-single/stable_static_ebpf+app_c2_r3_20261004T103509,docs/data/azure-vm-2026-10-04/raw/vm-single/stable_static_ebpf+app_c2_r3_20261004T103509/README.md,"Single-device baseline: all layers on vm2, one worker, three repeats, no injected fault."
azure-d4-2026-09,"Qwen3 CPU layer profiling, KV reconstruction and single-device baseline",results/azure-d4-2026-09,results/azure-d4-2026-09/EXPERIMENT.md,Experiment artifacts and supporting material; see the study method for the evidence boundary.
azure-d4-2026-09,"Qwen3 CPU layer profiling, KV reconstruction and single-device baseline",docs/data/azure-d4-2026-09,docs/data/azure-d4-2026-09/README.md,Experiment artifacts and supporting material; see the study method for the evidence boundary.
qwen3-validation,"Qwen3 shard, cache and relayout correctness",results/qwen3-validation,results/qwen3-validation/EXPERIMENT.md,Experiment artifacts and supporting material; see the study method for the evidence boundary.
qwen3-validation,"Qwen3 shard, cache and relayout correctness",docs/data/qwen3-validation,docs/data/qwen3-validation/README.md,Experiment artifacts and supporting material; see the study method for the evidence boundary.
standalone-e2e,"Standalone controller, agents and workers smoke test",results/standalone-e2e,results/standalone-e2e/EXPERIMENT.md,Experiment artifacts and supporting material; see the study method for the evidence boundary.
standalone-e2e,"Standalone controller, agents and workers smoke test",docs/data/standalone-e2e,docs/data/standalone-e2e/README.md,Experiment artifacts and supporting material; see the study method for the evidence boundary.
paper-ablations-2026-10-04,"Endpoint/context cost, transition-gate and queue instrumentation ablations",results/paper-ablations-2026-10-04,results/paper-ablations-2026-10-04/EXPERIMENT.md,Experiment artifacts and supporting material; see the study method for the evidence boundary.
paper-ablations-2026-10-04,"Endpoint/context cost, transition-gate and queue instrumentation ablations",results/paper-ablations-2026-10-04/decision-results,results/paper-ablations-2026-10-04/decision-results/README.md,"Deterministic cost-model and gate-policy sweep; predicted quantities, not measured inference."
paper-ablations-2026-10-04,"Endpoint/context cost, transition-gate and queue instrumentation ablations",results/paper-ablations-2026-10-04/queue-results,results/paper-ablations-2026-10-04/queue-results/README.md,Synthetic sleep-based worker queueing measurements on loopback; no real model or physical network.
paper-ablations-2026-10-04,"Endpoint/context cost, transition-gate and queue instrumentation ablations",results/paper-ablations-2026-10-04/calibration-results,results/paper-ablations-2026-10-04/calibration-results/README.md,Synthetic loopback RPC instrumentation calibration; compare instrumented and control measurements.
paper-ablations-2026-10-04,"Endpoint/context cost, transition-gate and queue instrumentation ablations",docs/data/paper-ablations-2026-10-04,docs/data/paper-ablations-2026-10-04/EXPERIMENT.md,Experiment artifacts and supporting material; see the study method for the evidence boundary.
paper-ablations-2026-10-04,"Endpoint/context cost, transition-gate and queue instrumentation ablations",docs/data/paper-ablations-2026-10-04/decision-results,docs/data/paper-ablations-2026-10-04/decision-results/README.md,"Deterministic cost-model and gate-policy sweep; predicted quantities, not measured inference."
paper-ablations-2026-10-04,"Endpoint/context cost, transition-gate and queue instrumentation ablations",docs/data/paper-ablations-2026-10-04/queue-results,docs/data/paper-ablations-2026-10-04/queue-results/README.md,Synthetic sleep-based worker queueing measurements on loopback; no real model or physical network.
paper-ablations-2026-10-04,"Endpoint/context cost, transition-gate and queue instrumentation ablations",docs/data/paper-ablations-2026-10-04/calibration-results,docs/data/paper-ablations-2026-10-04/calibration-results/README.md,Synthetic loopback RPC instrumentation calibration; compare instrumented and control measurements.
product-direction-2026-10-04,Whole-model replicas versus pipeline routing,results/product-direction-2026-10-04,results/product-direction-2026-10-04/EXPERIMENT.md,Experiment artifacts and supporting material; see the study method for the evidence boundary.
product-direction-2026-10-04,Whole-model replicas versus pipeline routing,results/product-direction-2026-10-04/routing-baseline,results/product-direction-2026-10-04/routing-baseline/README.md,Synthetic pipeline versus available-replica follow-up; stronger routing comparator than cyclic routing.
product-direction-2026-10-04,Whole-model replicas versus pipeline routing,results/product-direction-2026-10-04/fifo-baseline,results/product-direction-2026-10-04/fifo-baseline/README.md,Synthetic replica-only follow-up using FIFO admission; kept separate from the original routing probe.
product-direction-2026-10-04,Whole-model replicas versus pipeline routing,docs/data/product-direction-2026-10-04,docs/data/product-direction-2026-10-04/EXPERIMENT.md,Experiment artifacts and supporting material; see the study method for the evidence boundary.
product-direction-2026-10-04,Whole-model replicas versus pipeline routing,docs/data/product-direction-2026-10-04/routing-baseline,docs/data/product-direction-2026-10-04/routing-baseline/README.md,Synthetic pipeline versus available-replica follow-up; stronger routing comparator than cyclic routing.
product-direction-2026-10-04,Whole-model replicas versus pipeline routing,docs/data/product-direction-2026-10-04/fifo-baseline,docs/data/product-direction-2026-10-04/fifo-baseline/README.md,Synthetic replica-only follow-up using FIFO admission; kept separate from the original routing probe.
journal-benchmark-2026-09-13,Kubernetes network-delay and worker-loss benchmark,results/journal-benchmark-2026-09-13,results/journal-benchmark-2026-09-13/README.md,Experiment artifacts and supporting material; see the study method for the evidence boundary.
journal-benchmark-2026-09-13,Kubernetes network-delay and worker-loss benchmark,results/journal-benchmark-2026-09-13/analysis,results/journal-benchmark-2026-09-13/analysis/README.md,Derived analysis or report; follow the linked study method and raw inputs.
journal-benchmark-2026-09-13,Kubernetes network-delay and worker-loss benchmark,results/journal-benchmark-2026-09-13/reports,results/journal-benchmark-2026-09-13/reports/README.md,Derived analysis or report; follow the linked study method and raw inputs.
journal-benchmark-2026-09-13,Kubernetes network-delay and worker-loss benchmark,results/journal-benchmark-2026-09-13/worker-loss,results/journal-benchmark-2026-09-13/worker-loss/README.md,Worker-loss arm of the historical kind benchmark; a stopped container represents the failure.
journal-benchmark-2026-09-13,Kubernetes network-delay and worker-loss benchmark,results/journal-benchmark-2026-09-13/network,results/journal-benchmark-2026-09-13/network/README.md,Network-delay arm of the historical kind benchmark; simulated inference with tc netem injection.
partition-sweeps-2026-09,Partition sensitivity and measured-component cost sweeps,results/partition-sweeps-2026-09,results/partition-sweeps-2026-09/README.md,Experiment artifacts and supporting material; see the study method for the evidence boundary.
partition-sweeps-2026-09,Partition sensitivity and measured-component cost sweeps,results/partition-sweeps-2026-09/phase1,results/partition-sweeps-2026-09/phase1/README.md,Phase 1 analytical sensitivity sweep with hypothetical per-layer costs.
partition-sweeps-2026-09,Partition sensitivity and measured-component cost sweeps,results/partition-sweeps-2026-09/reports,results/partition-sweeps-2026-09/reports/README.md,Derived analysis or report; follow the linked study method and raw inputs.
partition-sweeps-2026-09,Partition sensitivity and measured-component cost sweeps,results/partition-sweeps-2026-09/phase4,results/partition-sweeps-2026-09/phase4/README.md,Phase 4 analytical sensitivity sweep using measured CPU component inputs.
thermal-2026-09-12,Dynamic versus static response to simulated GPU temperature,results/thermal-2026-09-12,results/thermal-2026-09-12/README.md,Experiment artifacts and supporting material; see the study method for the evidence boundary.
